"shapeid","WARD_ID","WARD_NO","NAME2","CITY","STATE_UT","C_CODE11","TOT_HH","TOT_POP","M_POP","F_POP","TOT_L6","M_L6","F_L6","TOT_SC","M_SC","F_SC","TOT_ST","M_ST","F_ST","TOT_LIT","M_LIT","F_LIT","TOT_ILLT","M_ILLT","F_ILLT","TOT_W","M_W","F_W","TOT_MNW","M_MNW","F_MNW","TOT_CULT","M_CULT","F_CULT","TOT_AGLB","M_AGLB","F_AGLB","T_MFHH","M_MFHH","F_MFHH","TOT_OTH_W","M_OTH_W","F_OTH_W","TOT_MRW","M_MRW","F_MRW","T_MRG_CULT","M_MRG_CULT","F_MRG_CULT","T_MRG_AGLB","M_MRG_AGLB","F_MRG_AGLB","T_MRG_HH","M_MRG_HH","F_MRG_HH","T_MRG_OTH","M_MRG_OTH","F_MRG_OTH","T_MRG_3_6","M_MRG_3_6","F_MRG_3_6","T_M_CL_3_6","M_M_CL_3_6","F_M_CL_3_6","T_MAG_3_6","M_MAG_3_6","F_MAG_3_6","T_MHH_3_6","M_MHH_3_6","F_MHH_3_6","T_MOT_3_6","M_MOT_3_6","F_MOT_3_6","T_MRG_0_3","M_MRG_0_3","F_MRG_0_3","T_M_CL_0_3","M_M_CL_0_3","F_M_CL_0_3","T_MAG_0_3","M_MAG_0_3","F_MAG_0_3","T_MHH_0_3","M_MHH_0_3","F_MHH_0_3","T_MOT_0_3","M_MOT_0_3","F_MOT_0_3","TOT_NNW","M_NNW","F_NNW","area_km","area_km_pr","pop_km"
"0","63.0","63.0","Greater Mumbai (M Corp.) (Part) WARD NO.-1563","Greater Mumbai","Maharashtra","27518999998027941563","26910.0","120217.0","62646.0","57571.0","10601.0","5654.0","4947.0","3667.0","1874.0","1793.0","1300.0","630.0","670.0","101847.0","54439.0","47408.0","18370.0","8207.0","10163.0","46695.0","37334.0","9361.0","43902.0","35661.0","8241.0","138.0","89.0","49.0","156.0","118.0","38.0","0.0","0.0","0.0","41836.0","34303.0","7533.0","2793.0","1673.0","1120.0","88.0","41.0","47.0","55.0","47.0","8.0","219.0","60.0","159.0","2431.0","1525.0","906.0","2504.0","1521.0","983.0","87.0","40.0","47.0","28.0","21.0","7.0","169.0","54.0","115.0","2220.0","1406.0","814.0","289.0","152.0","137.0","1.0","1.0","0.0","27.0","26.0","1.0","50.0","6.0","44.0","211.0","119.0","92.0","73522.0","25312.0","48210.0","1","1.194684236","100627"
"1","62.0","62.0","Greater Mumbai (M Corp.) (Part) WARD NO.-1562","Greater Mumbai","Maharashtra","27518999998027941562","40692.0","168576.0","85801.0","82775.0","13496.0","6961.0","6535.0","4227.0","2101.0","2126.0","1036.0","522.0","514.0","142500.0","73682.0","68818.0","26076.0","12119.0","13957.0","68236.0","50203.0","18033.0","64418.0","48303.0","16115.0","214.0","120.0","94.0","261.0","181.0","80.0","0.0","0.0","0.0","62108.0","46747.0","15361.0","3818.0","1900.0","1918.0","137.0","59.0","78.0","65.0","14.0","51.0","261.0","62.0","199.0","3355.0","1765.0","1590.0","3398.0","1700.0","1698.0","134.0","58.0","76.0","62.0","14.0","48.0","204.0","50.0","154.0","2998.0","1578.0","1420.0","420.0","200.0","220.0","3.0","1.0","2.0","3.0","0.0","3.0","57.0","12.0","45.0","357.0","187.0","170.0","100340.0","35598.0","64742.0","5","4.984203938","33822"
"2","88.0","88.0","Greater Mumbai (M Corp.) (Part) WARD NO.-2488","Greater Mumbai","Maharashtra","27518999998027942488","7690.0","31955.0","16308.0","15647.0","2544.0","1353.0","1191.0","1015.0","492.0","523.0","667.0","346.0","321.0","27830.0","14463.0","13367.0","4125.0","1845.0","2280.0","12436.0","9270.0","3166.0","12016.0","9057.0","2959.0","23.0","15.0","8.0","25.0","19.0","6.0","0.0","0.0","0.0","11569.0","8849.0","2720.0","420.0","213.0","207.0","12.0","5.0","7.0","2.0","1.0","1.0","37.0","7.0","30.0","369.0","200.0","169.0","378.0","192.0","186.0","12.0","5.0","7.0","2.0","1.0","1.0","30.0","4.0","26.0","334.0","182.0","152.0","42.0","21.0","21.0","0.0","0.0","0.0","0.0","0.0","0.0","7.0","3.0","4.0","35.0","18.0","17.0","19519.0","7038.0","12481.0","5","4.899317336","6522"
"3","64.0","64.0","Greater Mumbai (M Corp.) (Part) WARD NO.-1564","Greater Mumbai","Maharashtra","27518999998027941564","87118.0","391381.0","219078.0","172303.0","42574.0","22448.0","20126.0","20670.0","10909.0","9761.0","4494.0","2408.0","2086.0","312265.0","184259.0","128006.0","79116.0","34819.0","44297.0","158203.0","130912.0","27291.0","149594.0","125705.0","23889.0","405.0","274.0","131.0","1140.0","959.0","181.0","0.0","0.0","0.0","141887.0","120042.0","21845.0","8609.0","5207.0","3402.0","256.0","135.0","121.0","134.0","99.0","35.0","840.0","378.0","462.0","7379.0","4595.0","2784.0","7116.0","4278.0","2838.0","246.0","131.0","115.0","120.0","92.0","28.0","652.0","310.0","342.0","6098.0","3745.0","2353.0","1493.0","929.0","564.0","10.0","4.0","6.0","14.0","7.0","7.0","188.0","68.0","120.0","1281.0","850.0","431.0","233178.0","88166.0","145012.0","10","10.41793478","37568"
"4","74.0","74.0","Greater Mumbai (M Corp.) (Part) WARD NO.-1874","Greater Mumbai","Maharashtra","27518999998027941874","36517.0","154540.0","81975.0","72565.0","13692.0","7307.0","6385.0","5601.0","2895.0","2706.0","1752.0","897.0","855.0","129491.0","70737.0","58754.0","25049.0","11238.0","13811.0","61053.0","48095.0","12958.0","58745.0","46831.0","11914.0","80.0","56.0","24.0","182.0","139.0","43.0","0.0","0.0","0.0","56832.0","45459.0","11373.0","2308.0","1264.0","1044.0","73.0","34.0","39.0","19.0","7.0","12.0","158.0","50.0","108.0","2058.0","1173.0","885.0","1976.0","1068.0","908.0","73.0","34.0","39.0","19.0","7.0","12.0","126.0","41.0","85.0","1758.0","986.0","772.0","332.0","196.0","136.0","0.0","0.0","0.0","0.0","0.0","0.0","32.0","9.0","23.0","300.0","187.0","113.0","93487.0","33880.0","59607.0","4","4.392561947","35182"
"5","71.0","71.0","Greater Mumbai (M Corp.) (Part) WARD NO.-1771","Greater Mumbai","Maharashtra","27518999998027941771","1382.0","6060.0","3332.0","2728.0","608.0","336.0","272.0","45.0","21.0","24.0","559.0","286.0","273.0","4234.0","2485.0","1749.0","1826.0","847.0","979.0","3050.0","2048.0","1002.0","2767.0","1915.0","852.0","112.0","98.0","14.0","161.0","106.0","55.0","0.0","0.0","0.0","2436.0","1670.0","766.0","283.0","133.0","150.0","7.0","4.0","3.0","83.0","47.0","36.0","12.0","3.0","9.0","181.0","79.0","102.0","181.0","92.0","89.0","7.0","4.0","3.0","79.0","45.0","34.0","9.0","2.0","7.0","86.0","41.0","45.0","102.0","41.0","61.0","0.0","0.0","0.0","4.0","2.0","2.0","3.0","1.0","2.0","95.0","38.0","57.0","3010.0","1284.0","1726.0","19","19.15332838","316"
"6","73.0","73.0","Greater Mumbai (M Corp.) (Part) WARD NO.-1773","Greater Mumbai","Maharashtra","27518999998027941773","24170.0","101127.0","52562.0","48565.0","8897.0","4655.0","4242.0","6714.0","3409.0","3305.0","2185.0","1114.0","1071.0","84520.0","45383.0","39137.0","16607.0","7179.0","9428.0","41275.0","30318.0","10957.0","38913.0","29092.0","9821.0","99.0","63.0","36.0","400.0","307.0","93.0","0.0","0.0","0.0","37180.0","27903.0","9277.0","2362.0","1226.0","1136.0","83.0","42.0","41.0","33.0","14.0","19.0","151.0","65.0","86.0","2095.0","1105.0","990.0","1982.0","1054.0","928.0","81.0","40.0","41.0","26.0","10.0","16.0","134.0","60.0","74.0","1741.0","944.0","797.0","380.0","172.0","208.0","2.0","2.0","0.0","7.0","4.0","3.0","17.0","5.0","12.0","354.0","161.0","193.0","59852.0","22244.0","37608.0","4","3.971648529","25462"
"7","39.0","39.0","Greater Mumbai (M Corp.) (Part) WARD NO.-1139","Greater Mumbai","Maharashtra","27518999998027941139","9739.0","47123.0","26017.0","21106.0","5432.0","2787.0","2645.0","563.0","286.0","277.0","75.0","43.0","32.0","35883.0","20530.0","15353.0","11240.0","5487.0","5753.0","18296.0","15609.0","2687.0","17213.0","14764.0","2449.0","24.0","15.0","9.0","28.0","27.0","1.0","0.0","0.0","0.0","16942.0","14536.0","2406.0","1083.0","845.0","238.0","18.0","13.0","5.0","6.0","3.0","3.0","28.0","10.0","18.0","1031.0","819.0","212.0","883.0","704.0","179.0","18.0","13.0","5.0","3.0","1.0","2.0","14.0","6.0","8.0","848.0","684.0","164.0","200.0","141.0","59.0","0.0","0.0","0.0","3.0","2.0","1.0","14.0","4.0","10.0","183.0","135.0","48.0","28827.0","10408.0","18419.0","0","0.387080795","121739"
"8","70.0","70.0","Greater Mumbai (M Corp.) (Part) WARD NO.-1870","Greater Mumbai","Maharashtra","27518999998027941870","30933.0","122270.0","66253.0","56017.0","11912.0","6208.0","5704.0","3762.0","2011.0","1751.0","1555.0","825.0","730.0","99047.0","55645.0","43402.0","23223.0","10608.0","12615.0","52765.0","39330.0","13435.0","50300.0","37923.0","12377.0","182.0","134.0","48.0","334.0","260.0","74.0","0.0","0.0","0.0","48760.0","36921.0","11839.0","2465.0","1407.0","1058.0","29.0","17.0","12.0","87.0","44.0","43.0","208.0","83.0","125.0","2141.0","1263.0","878.0","1997.0","1109.0","888.0","28.0","17.0","11.0","85.0","42.0","43.0","155.0","67.0","88.0","1729.0","983.0","746.0","468.0","298.0","170.0","1.0","0.0","1.0","2.0","2.0","0.0","53.0","16.0","37.0","412.0","280.0","132.0","69505.0","26923.0","42582.0","3","3.102473156","39410"
"9","999999.0","999999.0","Sanjay Gandhi National Park","Greater Mumbai","Maharashtra","NULL","0.0","0.0","0.0","0.0","0.0","0.0","0.0","0.0","0.0","0.0","0.0","0.0","0.0","0.0","0.0","0.0","0.0","0.0","0.0","0.0","0.0","0.0","0.0","0.0","0.0","0.0","0.0","0.0","0.0","0.0","0.0","0.0","0.0","0.0","0.0","0.0","0.0","0.0","0.0","0.0","0.0","0.0","0.0","0.0","0.0","0.0","0.0","0.0","0.0","0.0","0.0","0.0","0.0","0.0","0.0","0.0","0.0","0.0","0.0","0.0","0.0","0.0","0.0","0.0","0.0","0.0","0.0","0.0","0.0","0.0","0.0","0.0","0.0","0.0","0.0","0.0","0.0","0.0","0.0","0.0","0.0","0.0","0.0","0.0","0.0","41","41.1940859","0"
"10","70.0","70.0","Greater Mumbai (M Corp.) (Part) WARD NO.-1770","Greater Mumbai","Maharashtra","27518999998027941770","13831.0","56789.0","28906.0","27883.0","4147.0","2136.0","2011.0","1475.0","770.0","705.0","1278.0","640.0","638.0","48753.0","25098.0","23655.0","8036.0","3808.0","4228.0","23081.0","16839.0","6242.0","21920.0","16287.0","5633.0","70.0","47.0","23.0","80.0","63.0","17.0","0.0","0.0","0.0","21256.0","15849.0","5407.0","1161.0","552.0","609.0","60.0","31.0","29.0","37.0","15.0","22.0","41.0","12.0","29.0","1023.0","494.0","529.0","1023.0","492.0","531.0","59.0","30.0","29.0","37.0","15.0","22.0","35.0","11.0","24.0","892.0","436.0","456.0","138.0","60.0","78.0","1.0","1.0","0.0","0.0","0.0","0.0","6.0","1.0","5.0","131.0","58.0","73.0","33708.0","12067.0","21641.0","3","2.774396469","20469"
"11","72.0","72.0","Greater Mumbai (M Corp.) (Part) WARD NO.-1772","Greater Mumbai","Maharashtra","27518999998027941772","21044.0","91245.0","48006.0","43239.0","7704.0","4056.0","3648.0","4711.0","2397.0","2314.0","1025.0","541.0","484.0","76666.0","41198.0","35468.0","14579.0","6808.0","7771.0","36758.0","28541.0","8217.0","34965.0","27578.0","7387.0","91.0","55.0","36.0","112.0","88.0","24.0","0.0","0.0","0.0","33719.0","26722.0","6997.0","1793.0","963.0","830.0","68.0","28.0","40.0","10.0","5.0","5.0","147.0","57.0","90.0","1568.0","873.0","695.0","1607.0","862.0","745.0","67.0","27.0","40.0","9.0","4.0","5.0","121.0","46.0","75.0","1410.0","785.0","625.0","186.0","101.0","85.0","1.0","1.0","0.0","1.0","1.0","0.0","26.0","11.0","15.0","158.0","88.0","70.0","54487.0","19465.0","35022.0","3","2.505290574","36421"
"12","69.0","69.0","Greater Mumbai (M Corp.) (Part) WARD NO.-1769","Greater Mumbai","Maharashtra","27518999998027941769","74368.0","306941.0","156347.0","150594.0","23525.0","12377.0","11148.0","14380.0","7316.0","7064.0","3198.0","1618.0","1580.0","266106.0","136428.0","129678.0","40835.0","19919.0","20916.0","122003.0","88085.0","33918.0","115676.0","84830.0","30846.0","350.0","188.0","162.0","456.0","320.0","136.0","0.0","0.0","0.0","112122.0","82534.0","29588.0","6327.0","3255.0","3072.0","224.0","101.0","123.0","35.0","17.0","18.0","272.0","89.0","183.0","5796.0","3048.0","2748.0","5639.0","2857.0","2782.0","220.0","98.0","122.0","33.0","16.0","17.0","213.0","64.0","149.0","5173.0","2679.0","2494.0","688.0","398.0","290.0","4.0","3.0","1.0","2.0","1.0","1.0","59.0","25.0","34.0","623.0","369.0","254.0","184938.0","68262.0","116676.0","7","6.845862578","44836"
"13","73.0","73.0","Greater Mumbai (M Corp.) (Part) WARD NO.-1873","Greater Mumbai","Maharashtra","27518999998027941873","36641.0","154558.0","85482.0","69076.0","15115.0","7993.0","7122.0","4697.0","2461.0","2236.0","2290.0","1184.0","1106.0","127628.0","73629.0","53999.0","26930.0","11853.0","15077.0","63583.0","51431.0","12152.0","61000.0","49949.0","11051.0","116.0","84.0","32.0","210.0","170.0","40.0","0.0","0.0","0.0","59267.0","48724.0","10543.0","2583.0","1482.0","1101.0","75.0","34.0","41.0","15.0","7.0","8.0","219.0","40.0","179.0","2274.0","1401.0","873.0","2153.0","1192.0","961.0","75.0","34.0","41.0","12.0","6.0","6.0","174.0","25.0","149.0","1892.0","1127.0","765.0","430.0","290.0","140.0","0.0","0.0","0.0","3.0","1.0","2.0","45.0","15.0","30.0","382.0","274.0","108.0","90975.0","34051.0","56924.0","2","1.662903258","92945"
"14","66.0","66.0","Greater Mumbai (M Corp.) (Part) WARD NO.-1566","Greater Mumbai","Maharashtra","27518999998027941566","768.0","3550.0","1818.0","1732.0","356.0","181.0","175.0","0.0","0.0","0.0","283.0","142.0","141.0","2458.0","1417.0","1041.0","1092.0","401.0","691.0","1569.0","1106.0","463.0","1347.0","979.0","368.0","40.0","34.0","6.0","52.0","28.0","24.0","0.0","0.0","0.0","1250.0","914.0","336.0","222.0","127.0","95.0","5.0","0.0","5.0","8.0","4.0","4.0","1.0","0.0","1.0","208.0","123.0","85.0","196.0","114.0","82.0","5.0","0.0","5.0","7.0","4.0","3.0","0.0","0.0","0.0","184.0","110.0","74.0","26.0","13.0","13.0","0.0","0.0","0.0","1.0","0.0","1.0","1.0","0.0","1.0","24.0","13.0","11.0","1981.0","712.0","1269.0","9","8.674827366","409"
"15","67.0","67.0","Greater Mumbai (M Corp.) (Part) WARD NO.-1667","Greater Mumbai","Maharashtra","27518999998027941667","80526.0","348033.0","189485.0","158548.0","31330.0","16524.0","14806.0","12115.0","6459.0","5656.0","3916.0","2079.0","1837.0","289212.0","161918.0","127294.0","58821.0","27567.0","31254.0","140115.0","113694.0","26421.0","134743.0","110209.0","24534.0","234.0","149.0","85.0","499.0","354.0","145.0","0.0","0.0","0.0","129101.0","106052.0","23049.0","5372.0","3485.0","1887.0","110.0","49.0","61.0","39.0","23.0","16.0","503.0","197.0","306.0","4720.0","3216.0","1504.0","4056.0","2589.0","1467.0","107.0","49.0","58.0","36.0","22.0","14.0","368.0","150.0","218.0","3545.0","2368.0","1177.0","1316.0","896.0","420.0","3.0","0.0","3.0","3.0","1.0","2.0","135.0","47.0","88.0","1175.0","848.0","327.0","207918.0","75791.0","132127.0","6","5.802424579","59981"
"16","63.0","63.0","Greater Mumbai (M Corp.) (Part) WARD NO.-1463","Greater Mumbai","Maharashtra","27518999998027941463","383.0","1669.0","859.0","810.0","159.0","83.0","76.0","44.0","21.0","23.0","17.0","9.0","8.0","1428.0","750.0","678.0","241.0","109.0","132.0","664.0","517.0","147.0","655.0","515.0","140.0","0.0","0.0","0.0","0.0","0.0","0.0","0.0","0.0","0.0","649.0","512.0","137.0","9.0","2.0","7.0","0.0","0.0","0.0","0.0","0.0","0.0","2.0","0.0","2.0","7.0","2.0","5.0","7.0","2.0","5.0","0.0","0.0","0.0","0.0","0.0","0.0","2.0","0.0","2.0","5.0","2.0","3.0","2.0","0.0","2.0","0.0","0.0","0.0","0.0","0.0","0.0","0.0","0.0","0.0","2.0","0.0","2.0","1005.0","342.0","663.0","2","1.569942248","1063"
"17","68.0","68.0","Greater Mumbai (M Corp.) (Part) WARD NO.-1668","Greater Mumbai","Maharashtra","27518999998027941668","79113.0","343196.0","189834.0","153362.0","34386.0","18053.0","16333.0","19051.0","9965.0","9086.0","4508.0","2474.0","2034.0","276483.0","158739.0","117744.0","66713.0","31095.0","35618.0","141769.0","112594.0","29175.0","132440.0","107157.0","25283.0","347.0","215.0","132.0","729.0","547.0","182.0","0.0","0.0","0.0","127404.0","103779.0","23625.0","9329.0","5437.0","3892.0","248.0","126.0","122.0","204.0","116.0","88.0","715.0","220.0","495.0","8162.0","4975.0","3187.0","7794.0","4589.0","3205.0","233.0","122.0","111.0","191.0","109.0","82.0","562.0","184.0","378.0","6808.0","4174.0","2634.0","1535.0","848.0","687.0","15.0","4.0","11.0","13.0","7.0","6.0","153.0","36.0","117.0","1354.0","801.0","553.0","201427.0","77240.0","124187.0","7","6.936259139","49479"
"18","65.0","65.0","Greater Mumbai (M Corp.) (Part) WARD NO.-1565","Greater Mumbai","Maharashtra","27518999998027941565","53805.0","247521.0","132813.0","114708.0","31688.0","16438.0","15250.0","9554.0","4995.0","4559.0","2664.0","1395.0","1269.0","183927.0","103837.0","80090.0","63594.0","28976.0","34618.0","92476.0","74949.0","17527.0","85354.0","70533.0","14821.0","232.0","168.0","64.0","614.0","502.0","112.0","0.0","0.0","0.0","81757.0","67869.0","13888.0","7122.0","4416.0","2706.0","120.0","70.0","50.0","117.0","66.0","51.0","528.0","191.0","337.0","6357.0","4089.0","2268.0","6136.0","3779.0","2357.0","117.0","69.0","48.0","111.0","62.0","49.0","391.0","139.0","252.0","5517.0","3509.0","2008.0","986.0","637.0","349.0","3.0","1.0","2.0","6.0","4.0","2.0","137.0","52.0","85.0","840.0","580.0","260.0","155045.0","57864.0","97181.0","19","19.43057748","12739"
"19","87.0","87.0","Greater Mumbai (M Corp.) (Part) WARD NO.-2487","Greater Mumbai","Maharashtra","27518999998027942487","47985.0","206590.0","107411.0","99179.0","17440.0","9097.0","8343.0","17007.0","8559.0","8448.0","3632.0","1827.0","1805.0","175002.0","93438.0","81564.0","31588.0","13973.0","17615.0","82769.0","63176.0","19593.0","78400.0","60675.0","17725.0","196.0","118.0","78.0","447.0","314.0","133.0","0.0","0.0","0.0","76346.0","59495.0","16851.0","4369.0","2501.0","1868.0","106.0","48.0","58.0","89.0","41.0","48.0","173.0","52.0","121.0","4001.0","2360.0","1641.0","3702.0","2067.0","1635.0","101.0","44.0","57.0","86.0","39.0","47.0","137.0","43.0","94.0","3378.0","1941.0","1437.0","667.0","434.0","233.0","5.0","4.0","1.0","3.0","2.0","1.0","36.0","9.0","27.0","623.0","419.0","204.0","123821.0","44235.0","79586.0","5","4.564433934","45261"
"20","88.0","88.0","Greater Mumbai (M Corp.) (Part) WARD NO.-2488","Greater Mumbai","Maharashtra","27518999998027942488","7690.0","31955.0","16308.0","15647.0","2544.0","1353.0","1191.0","1015.0","492.0","523.0","667.0","346.0","321.0","27830.0","14463.0","13367.0","4125.0","1845.0","2280.0","12436.0","9270.0","3166.0","12016.0","9057.0","2959.0","23.0","15.0","8.0","25.0","19.0","6.0","0.0","0.0","0.0","11569.0","8849.0","2720.0","420.0","213.0","207.0","12.0","5.0","7.0","2.0","1.0","1.0","37.0","7.0","30.0","369.0","200.0","169.0","378.0","192.0","186.0","12.0","5.0","7.0","2.0","1.0","1.0","30.0","4.0","26.0","334.0","182.0","152.0","42.0","21.0","21.0","0.0","0.0","0.0","0.0","0.0","0.0","7.0","3.0","4.0","35.0","18.0","17.0","19519.0","7038.0","12481.0","1","1.25389044","25485"
"21","60.0","60.0","Greater Mumbai (M Corp.) (Part) WARD NO.-1460","Greater Mumbai","Maharashtra","27518999998027941460","76639.0","338465.0","181417.0","157048.0","31126.0","16198.0","14928.0","16561.0","8515.0","8046.0","3422.0","1806.0","1616.0","279710.0","155435.0","124275.0","58755.0","25982.0","32773.0","139276.0","107838.0","31438.0","130699.0","102726.0","27973.0","406.0","288.0","118.0","391.0","289.0","102.0","0.0","0.0","0.0","125800.0","99273.0","26527.0","8577.0","5112.0","3465.0","187.0","104.0","83.0","68.0","36.0","32.0","466.0","190.0","276.0","7856.0","4782.0","3074.0","7175.0","4276.0","2899.0","180.0","98.0","82.0","59.0","32.0","27.0","339.0","131.0","208.0","6597.0","4015.0","2582.0","1402.0","836.0","566.0","7.0","6.0","1.0","9.0","4.0","5.0","127.0","59.0","68.0","1259.0","767.0","492.0","199189.0","73579.0","125610.0","8","8.237953672","41086"
"22","86.0","86.0","Greater Mumbai (M Corp.) (Part) WARD NO.-2486","Greater Mumbai","Maharashtra","27518999998027942486","26023.0","102918.0","52437.0","50481.0","7819.0","4123.0","3696.0","5192.0","2635.0","2557.0","2585.0","1276.0","1309.0","89350.0","46178.0","43172.0","13568.0","6259.0","7309.0","41899.0","28830.0","13069.0","40321.0","28064.0","12257.0","122.0","79.0","43.0","139.0","91.0","48.0","0.0","0.0","0.0","39339.0","27536.0","11803.0","1578.0","766.0","812.0","61.0","27.0","34.0","66.0","4.0","62.0","73.0","20.0","53.0","1378.0","715.0","663.0","1396.0","658.0","738.0","61.0","27.0","34.0","66.0","4.0","62.0","49.0","13.0","36.0","1220.0","614.0","606.0","182.0","108.0","74.0","0.0","0.0","0.0","0.0","0.0","0.0","24.0","7.0","17.0","158.0","101.0","57.0","61019.0","23607.0","37412.0","4","3.507969726","29338"
"23","59.0","59.0","Greater Mumbai (M Corp.) (Part) WARD NO.-1459","Greater Mumbai","Maharashtra","27518999998027941459","24614.0","99684.0","53612.0","46072.0","10556.0","5482.0","5074.0","9383.0","4817.0","4566.0","3790.0","1876.0","1914.0","78854.0","44188.0","34666.0","20830.0","9424.0","11406.0","42543.0","32003.0","10540.0","39116.0","29914.0","9202.0","227.0","138.0","89.0","193.0","135.0","58.0","0.0","0.0","0.0","38282.0","29396.0","8886.0","3427.0","2089.0","1338.0","124.0","52.0","72.0","45.0","24.0","21.0","93.0","46.0","47.0","3165.0","1967.0","1198.0","2972.0","1775.0","1197.0","122.0","50.0","72.0","42.0","22.0","20.0","71.0","31.0","40.0","2737.0","1672.0","1065.0","455.0","314.0","141.0","2.0","2.0","0.0","3.0","2.0","1.0","22.0","15.0","7.0","428.0","295.0","133.0","57141.0","21609.0","35532.0","18","18.07078219","5516"
"24","61.0","61.0","Greater Mumbai (M Corp.) (Part) WARD NO.-1561","Greater Mumbai","Maharashtra","27518999998027941561","2349.0","10121.0","5361.0","4760.0","1364.0","731.0","633.0","472.0","249.0","223.0","690.0","347.0","343.0","7039.0","4013.0","3026.0","3082.0","1348.0","1734.0","4471.0","3118.0","1353.0","4313.0","3032.0","1281.0","19.0","13.0","6.0","16.0","12.0","4.0","0.0","0.0","0.0","4089.0","2878.0","1211.0","158.0","86.0","72.0","2.0","1.0","1.0","0.0","0.0","0.0","16.0","8.0","8.0","140.0","77.0","63.0","133.0","72.0","61.0","2.0","1.0","1.0","0.0","0.0","0.0","15.0","7.0","8.0","116.0","64.0","52.0","25.0","14.0","11.0","0.0","0.0","0.0","0.0","0.0","0.0","1.0","1.0","0.0","24.0","13.0","11.0","5650.0","2243.0","3407.0","6","6.021976812","1681"
"25","82.0","82.0","Greater Mumbai (M Corp.) (Part) WARD NO.-2282","Greater Mumbai","Maharashtra","27518999998027942282","11640.0","54020.0","29432.0","24588.0","4896.0","2602.0","2294.0","3429.0","1779.0","1650.0","400.0","214.0","186.0","43301.0","23759.0","19542.0","10719.0","5673.0","5046.0","22520.0","18742.0","3778.0","21809.0","18326.0","3483.0","38.0","23.0","15.0","34.0","29.0","5.0","0.0","0.0","0.0","21282.0","17985.0","3297.0","711.0","416.0","295.0","8.0","4.0","4.0","2.0","2.0","0.0","33.0","3.0","30.0","668.0","407.0","261.0","614.0","360.0","254.0","8.0","4.0","4.0","1.0","1.0","0.0","21.0","1.0","20.0","584.0","354.0","230.0","97.0","56.0","41.0","0.0","0.0","0.0","1.0","1.0","0.0","12.0","2.0","10.0","84.0","53.0","31.0","31500.0","10690.0","20810.0","2","1.725568024","31306"
"26","47.0","47.0","Greater Mumbai (M Corp.) (Part) WARD NO.-1147","Greater Mumbai","Maharashtra","27518999998027941147","6259.0","28285.0","15090.0","13195.0","1946.0","1006.0","940.0","749.0","387.0","362.0","118.0","84.0","34.0","24793.0","13465.0","11328.0","3492.0","1625.0","1867.0","12008.0","9576.0","2432.0","11599.0","9291.0","2308.0","20.0","15.0","5.0","33.0","17.0","16.0","0.0","0.0","0.0","11176.0","8988.0","2188.0","409.0","285.0","124.0","7.0","4.0","3.0","4.0","3.0","1.0","24.0","11.0","13.0","374.0","267.0","107.0","350.0","248.0","102.0","6.0","4.0","2.0","4.0","3.0","1.0","20.0","10.0","10.0","320.0","231.0","89.0","59.0","37.0","22.0","1.0","0.0","1.0","0.0","0.0","0.0","4.0","1.0","3.0","54.0","36.0","18.0","16277.0","5514.0","10763.0","2","1.50412263","18805"
"27","48.0","48.0","Greater Mumbai (M Corp.) (Part) WARD NO.-1048","Greater Mumbai","Maharashtra","27518999998027941048","60882.0","272240.0","149523.0","122717.0","24884.0","12993.0","11891.0","11172.0","5932.0","5240.0","1790.0","1084.0","706.0","224962.0","128040.0","96922.0","47278.0","21483.0","25795.0","115415.0","90561.0","24854.0","107541.0","86066.0","21475.0","324.0","211.0","113.0","478.0","347.0","131.0","0.0","0.0","0.0","104338.0","83801.0","20537.0","7874.0","4495.0","3379.0","199.0","102.0","97.0","67.0","34.0","33.0","270.0","101.0","169.0","7338.0","4258.0","3080.0","6872.0","3868.0","3004.0","194.0","99.0","95.0","59.0","27.0","32.0","222.0","87.0","135.0","6397.0","3655.0","2742.0","1002.0","627.0","375.0","5.0","3.0","2.0","8.0","7.0","1.0","48.0","14.0","34.0","941.0","603.0","338.0","156825.0","58962.0","97863.0","8","7.545720877","36079"
"28","46.0","46.0","Greater Mumbai (M Corp.) (Part) WARD NO.-1146","Greater Mumbai","Maharashtra","27518999998027941146","6710.0","26671.0","13333.0","13338.0","1565.0","779.0","786.0","255.0","136.0","119.0","193.0","90.0","103.0","23971.0","12145.0","11826.0","2700.0","1188.0","1512.0","10985.0","7966.0","3019.0","10508.0","7681.0","2827.0","13.0","12.0","1.0","23.0","15.0","8.0","0.0","0.0","0.0","10199.0","7434.0","2765.0","477.0","285.0","192.0","16.0","6.0","10.0","6.0","4.0","2.0","21.0","13.0","8.0","434.0","262.0","172.0","400.0","237.0","163.0","16.0","6.0","10.0","5.0","4.0","1.0","16.0","9.0","7.0","363.0","218.0","145.0","77.0","48.0","29.0","0.0","0.0","0.0","1.0","0.0","1.0","5.0","4.0","1.0","71.0","44.0","27.0","15686.0","5367.0","10319.0","0","0.393089511","67850"
"29","42.0","42.0","Greater Mumbai (M Corp.) (Part) WARD NO.-1142","Greater Mumbai","Maharashtra","27518999998027941142","13302.0","59337.0","34141.0","25196.0","5215.0","2798.0","2417.0","1827.0","952.0","875.0","1974.0","1010.0","964.0","47594.0","28930.0","18664.0","11743.0","5211.0","6532.0","29582.0","22284.0","7298.0","27107.0","20825.0","6282.0","57.0","33.0","24.0","111.0","76.0","35.0","0.0","0.0","0.0","26148.0","20206.0","5942.0","2475.0","1459.0","1016.0","53.0","25.0","28.0","22.0","10.0","12.0","111.0","49.0","62.0","2289.0","1375.0","914.0","2098.0","1223.0","875.0","48.0","23.0","25.0","20.0","9.0","11.0","85.0","33.0","52.0","1945.0","1158.0","787.0","377.0","236.0","141.0","5.0","2.0","3.0","2.0","1.0","1.0","26.0","16.0","10.0","344.0","217.0","127.0","29755.0","11857.0","17898.0","0","0.478888402","123906"
"30","16.0","16.0","Greater Mumbai (M Corp.) (Part) WARD NO.-0416","Greater Mumbai","Maharashtra","27519999998027940416","11187.0","52217.0","28767.0","23450.0","3640.0","1920.0","1720.0","929.0","476.0","453.0","117.0","62.0","55.0","43187.0","24264.0","18923.0","9030.0","4503.0","4527.0","22578.0","18458.0","4120.0","21398.0","17714.0","3684.0","71.0","46.0","25.0","54.0","46.0","8.0","0.0","0.0","0.0","20687.0","17181.0","3506.0","1180.0","744.0","436.0","57.0","26.0","31.0","2.0","1.0","1.0","46.0","25.0","21.0","1075.0","692.0","383.0","1044.0","654.0","390.0","57.0","26.0","31.0","2.0","1.0","1.0","35.0","22.0","13.0","950.0","605.0","345.0","136.0","90.0","46.0","0.0","0.0","0.0","0.0","0.0","0.0","11.0","3.0","8.0","125.0","87.0","38.0","29639.0","10309.0","19330.0","0","0.428886331","121750"
"31","75.0","75.0","Greater Mumbai (M Corp.) (Part) WARD NO.-1975","Greater Mumbai","Maharashtra","27518999998027941975","26590.0","139548.0","76669.0","62879.0","16673.0","8537.0","8136.0","7980.0","4016.0","3964.0","910.0","514.0","396.0","109713.0","62653.0","47060.0","29835.0","14016.0","15819.0","50435.0","43462.0","6973.0","47647.0","41544.0","6103.0","104.0","57.0","47.0","120.0","95.0","25.0","0.0","0.0","0.0","46212.0","40515.0","5697.0","2788.0","1918.0","870.0","84.0","49.0","35.0","23.0","13.0","10.0","98.0","35.0","63.0","2583.0","1821.0","762.0","2425.0","1672.0","753.0","82.0","47.0","35.0","19.0","10.0","9.0","78.0","29.0","49.0","2246.0","1586.0","660.0","363.0","246.0","117.0","2.0","2.0","0.0","4.0","3.0","1.0","20.0","6.0","14.0","337.0","235.0","102.0","89113.0","33207.0","55906.0","2","2.415626748","57769"
"32","58.0","58.0","Greater Mumbai (M Corp.) (Part) WARD NO.-1458","Greater Mumbai","Maharashtra","27518999998027941458","5286.0","23689.0","13614.0","10075.0","2331.0","1190.0","1141.0","1663.0","916.0","747.0","325.0","189.0","136.0","18856.0","11544.0","7312.0","4833.0","2070.0","2763.0","10335.0","8465.0","1870.0","9904.0","8203.0","1701.0","29.0","18.0","11.0","68.0","57.0","11.0","0.0","0.0","0.0","9432.0","7889.0","1543.0","431.0","262.0","169.0","30.0","13.0","17.0","5.0","4.0","1.0","30.0","8.0","22.0","366.0","237.0","129.0","356.0","213.0","143.0","30.0","13.0","17.0","3.0","2.0","1.0","17.0","5.0","12.0","306.0","193.0","113.0","75.0","49.0","26.0","0.0","0.0","0.0","2.0","2.0","0.0","13.0","3.0","10.0","60.0","44.0","16.0","13354.0","5149.0","8205.0","1","1.318984456","17960"
"33","85.0","85.0","Greater Mumbai (M Corp.) (Part) WARD NO.-2385","Greater Mumbai","Maharashtra","27518999998027942385","120373.0","527390.0","284904.0","242486.0","53086.0","27854.0","25232.0","37466.0","19418.0","18048.0","7922.0","4180.0","3742.0","433145.0","243151.0","189994.0","94245.0","41753.0","52492.0","208453.0","163943.0","44510.0","194487.0","155077.0","39410.0","479.0","338.0","141.0","1018.0","779.0","239.0","0.0","0.0","0.0","188416.0","150927.0","37489.0","13966.0","8866.0","5100.0","326.0","171.0","155.0","123.0","71.0","52.0","766.0","264.0","502.0","12751.0","8360.0","4391.0","11669.0","7310.0","4359.0","308.0","158.0","150.0","109.0","61.0","48.0","524.0","171.0","353.0","10728.0","6920.0","3808.0","2297.0","1556.0","741.0","18.0","13.0","5.0","14.0","10.0","4.0","242.0","93.0","149.0","2023.0","1440.0","583.0","318937.0","120961.0","197976.0","15","15.22746328","34634"
"34","52.0","52.0","Greater Mumbai (M Corp.) (Part) WARD NO.-1352","Greater Mumbai","Maharashtra","27518999998027941352","71469.0","312567.0","162488.0","150079.0","29013.0","15085.0","13928.0","10883.0","5454.0","5429.0","2064.0","1094.0","970.0","255615.0","136021.0","119594.0","56952.0","26467.0","30485.0","123718.0","93134.0","30584.0","116786.0","89258.0","27528.0","385.0","218.0","167.0","660.0","460.0","200.0","0.0","0.0","0.0","112627.0","86364.0","26263.0","6932.0","3876.0","3056.0","213.0","111.0","102.0","57.0","28.0","29.0","515.0","204.0","311.0","6147.0","3533.0","2614.0","5807.0","3217.0","2590.0","210.0","109.0","101.0","53.0","24.0","29.0","418.0","152.0","266.0","5126.0","2932.0","2194.0","1125.0","659.0","466.0","3.0","2.0","1.0","4.0","4.0","0.0","97.0","52.0","45.0","1021.0","601.0","420.0","188849.0","69354.0","119495.0","8","8.358795856","37394"
"35","10.0","10.0","Greater Mumbai (M Corp.) (Part) WARD NO.-0310","Greater Mumbai","Maharashtra","27519999998027940310","5097.0","23703.0","13425.0","10278.0","1934.0","976.0","958.0","129.0","63.0","66.0","36.0","24.0","12.0","19268.0","10750.0","8518.0","4435.0","2675.0","1760.0","9784.0","8667.0","1117.0","9351.0","8387.0","964.0","18.0","13.0","5.0","18.0","15.0","3.0","0.0","0.0","0.0","9052.0","8162.0","890.0","433.0","280.0","153.0","12.0","8.0","4.0","5.0","3.0","2.0","22.0","6.0","16.0","394.0","263.0","131.0","368.0","235.0","133.0","10.0","7.0","3.0","4.0","2.0","2.0","18.0","6.0","12.0","336.0","220.0","116.0","65.0","45.0","20.0","2.0","1.0","1.0","1.0","1.0","0.0","4.0","0.0","4.0","58.0","43.0","15.0","13919.0","4758.0","9161.0","0","0.168094603","141010"
"36","57.0","57.0","Greater Mumbai (M Corp.) (Part) WARD NO.-1357","Greater Mumbai","Maharashtra","27518999998027941357","36393.0","177802.0","98823.0","78979.0","18454.0","9651.0","8803.0","4915.0","2661.0","2254.0","761.0","413.0","348.0","142258.0","81676.0","60582.0","35544.0","17147.0","18397.0","72544.0","59542.0","13002.0","68215.0","56971.0","11244.0","730.0","399.0","331.0","319.0","266.0","53.0","0.0","0.0","0.0","65572.0","55062.0","10510.0","4329.0","2571.0","1758.0","130.0","73.0","57.0","54.0","29.0","25.0","235.0","116.0","119.0","3910.0","2353.0","1557.0","3899.0","2273.0","1626.0","130.0","73.0","57.0","54.0","29.0","25.0","175.0","85.0","90.0","3540.0","2086.0","1454.0","430.0","298.0","132.0","0.0","0.0","0.0","0.0","0.0","0.0","60.0","31.0","29.0","370.0","267.0","103.0","105258.0","39281.0","65977.0","2","2.029575942","87605"
"37","53.0","53.0","Greater Mumbai (M Corp.) (Part) WARD NO.-1353","Greater Mumbai","Maharashtra","27518999998027941353","22999.0","92709.0","46874.0","45835.0","7070.0","3632.0","3438.0","1835.0","907.0","928.0","2763.0","1431.0","1332.0","79077.0","40964.0","38113.0","13632.0","5910.0","7722.0","39789.0","27591.0","12198.0","38205.0","26658.0","11547.0","143.0","80.0","63.0","165.0","138.0","27.0","0.0","0.0","0.0","36685.0","25820.0","10865.0","1584.0","933.0","651.0","67.0","52.0","15.0","17.0","14.0","3.0","113.0","70.0","43.0","1387.0","797.0","590.0","1317.0","767.0","550.0","67.0","52.0","15.0","14.0","11.0","3.0","98.0","62.0","36.0","1138.0","642.0","496.0","267.0","166.0","101.0","0.0","0.0","0.0","3.0","3.0","0.0","15.0","8.0","7.0","249.0","155.0","94.0","52920.0","19283.0","33637.0","3","3.480247384","26639"
"38","54.0","54.0","Greater Mumbai (M Corp.) (Part) WARD NO.-1354","Greater Mumbai","Maharashtra","27518999998027941354","2128.0","9182.0","4940.0","4242.0","1059.0","584.0","475.0","394.0","204.0","190.0","133.0","65.0","68.0","6495.0","3716.0","2779.0","2687.0","1224.0","1463.0","4258.0","3052.0","1206.0","4030.0","2924.0","1106.0","35.0","17.0","18.0","22.0","6.0","16.0","0.0","0.0","0.0","3908.0","2869.0","1039.0","228.0","128.0","100.0","12.0","6.0","6.0","5.0","2.0","3.0","10.0","3.0","7.0","201.0","117.0","84.0","191.0","113.0","78.0","11.0","6.0","5.0","4.0","2.0","2.0","7.0","3.0","4.0","169.0","102.0","67.0","37.0","15.0","22.0","1.0","0.0","1.0","1.0","0.0","1.0","3.0","0.0","3.0","32.0","15.0","17.0","4924.0","1888.0","3036.0","1","1.207748136","7603"
"39","50.0","50.0","Greater Mumbai (M Corp.) (Part) WARD NO.-1350","Greater Mumbai","Maharashtra","27518999998027941350","13088.0","57426.0","30444.0","26982.0","4102.0","2181.0","1921.0","1143.0","574.0","569.0","339.0","157.0","182.0","49105.0","26403.0","22702.0","8321.0","4041.0","4280.0","24257.0","18578.0","5679.0","22907.0","17790.0","5117.0","34.0","22.0","12.0","61.0","49.0","12.0","0.0","0.0","0.0","22348.0","17369.0","4979.0","1350.0","788.0","562.0","28.0","10.0","18.0","10.0","6.0","4.0","153.0","85.0","68.0","1159.0","687.0","472.0","1243.0","724.0","519.0","26.0","8.0","18.0","10.0","6.0","4.0","140.0","76.0","64.0","1067.0","634.0","433.0","107.0","64.0","43.0","2.0","2.0","0.0","0.0","0.0","0.0","13.0","9.0","4.0","92.0","53.0","39.0","33169.0","11866.0","21303.0","1","1.243897697","46166"
"40","56.0","56.0","Greater Mumbai (M Corp.) (Part) WARD NO.-1256","Greater Mumbai","Maharashtra","27518999998027941256","60912.0","265663.0","140843.0","124820.0","25061.0","13136.0","11925.0","7975.0","4003.0","3972.0","1672.0","856.0","816.0","221817.0","121316.0","100501.0","43846.0","19527.0","24319.0","107397.0","83621.0","23776.0","101623.0","79995.0","21628.0","225.0","152.0","73.0","495.0","374.0","121.0","0.0","0.0","0.0","98219.0","77520.0","20699.0","5774.0","3626.0","2148.0","118.0","53.0","65.0","43.0","24.0","19.0","311.0","132.0","179.0","5302.0","3417.0","1885.0","4789.0","2943.0","1846.0","113.0","52.0","61.0","38.0","21.0","17.0","230.0","99.0","131.0","4408.0","2771.0","1637.0","985.0","683.0","302.0","5.0","1.0","4.0","5.0","3.0","2.0","81.0","33.0","48.0","894.0","646.0","248.0","158266.0","57222.0","101044.0","3","3.229309762","82266"
"41","55.0","55.0","Greater Mumbai (M Corp.) (Part) WARD NO.-1255","Greater Mumbai","Maharashtra","27518999998027941255","90659.0","393391.0","213532.0","179859.0","36502.0","18921.0","17581.0","16331.0","8414.0","7917.0","4532.0","2352.0","2180.0","324864.0","183375.0","141489.0","68527.0","30157.0","38370.0","164043.0","129287.0","34756.0","154348.0","123235.0","31113.0","521.0","336.0","185.0","776.0","584.0","192.0","0.0","0.0","0.0","149810.0","120096.0","29714.0","9695.0","6052.0","3643.0","222.0","111.0","111.0","168.0","94.0","74.0","523.0","178.0","345.0","8782.0","5669.0","3113.0","8140.0","5061.0","3079.0","220.0","110.0","110.0","138.0","78.0","60.0","292.0","131.0","161.0","7490.0","4742.0","2748.0","1555.0","991.0","564.0","2.0","1.0","1.0","30.0","16.0","14.0","231.0","47.0","184.0","1292.0","927.0","365.0","229348.0","84245.0","145103.0","11","10.91829054","36030"
"42","24.0","24.0","Greater Mumbai (M Corp.) (Part) WARD NO.-0524","Greater Mumbai","Maharashtra","27519999998027940524","4264.0","19851.0","9816.0","10035.0","1623.0","843.0","780.0","4134.0","2040.0","2094.0","112.0","61.0","51.0","16767.0","8526.0","8241.0","3084.0","1290.0","1794.0","7469.0","5323.0","2146.0","6896.0","5023.0","1873.0","33.0","14.0","19.0","33.0","21.0","12.0","0.0","0.0","0.0","6691.0","4897.0","1794.0","573.0","300.0","273.0","24.0","11.0","13.0","1.0","0.0","1.0","28.0","11.0","17.0","520.0","278.0","242.0","527.0","269.0","258.0","24.0","11.0","13.0","1.0","0.0","1.0","26.0","9.0","17.0","476.0","249.0","227.0","46.0","31.0","15.0","0.0","0.0","0.0","0.0","0.0","0.0","2.0","2.0","0.0","44.0","29.0","15.0","12382.0","4493.0","7889.0","0","0.492381514","40316"
"43","51.0","51.0","Greater Mumbai (M Corp.) (Part) WARD NO.-1351","Greater Mumbai","Maharashtra","27518999998027941351","21999.0","99002.0","57893.0","41109.0","7800.0","4104.0","3696.0","1463.0","780.0","683.0","720.0","371.0","349.0","79589.0","48191.0","31398.0","19413.0","9702.0","9711.0","48996.0","37770.0","11226.0","44949.0","35513.0","9436.0","240.0","146.0","94.0","184.0","139.0","45.0","0.0","0.0","0.0","43637.0","34630.0","9007.0","4047.0","2257.0","1790.0","127.0","60.0","67.0","43.0","16.0","27.0","147.0","70.0","77.0","3730.0","2111.0","1619.0","3052.0","1560.0","1492.0","119.0","54.0","65.0","36.0","11.0","25.0","121.0","53.0","68.0","2776.0","1442.0","1334.0","995.0","697.0","298.0","8.0","6.0","2.0","7.0","5.0","2.0","26.0","17.0","9.0","954.0","669.0","285.0","50006.0","20123.0","29883.0","5","5.27877579","18755"
"44","43.0","43.0","Greater Mumbai (M Corp.) (Part) WARD NO.-1143","Greater Mumbai","Maharashtra","27518999998027941143","7175.0","29539.0","14915.0","14624.0","1943.0","977.0","966.0","2882.0","1414.0","1468.0","155.0","89.0","66.0","25919.0","13274.0","12645.0","3620.0","1641.0","1979.0","12388.0","9116.0","3272.0","11734.0","8824.0","2910.0","25.0","16.0","9.0","48.0","39.0","9.0","0.0","0.0","0.0","11555.0","8708.0","2847.0","654.0","292.0","362.0","14.0","7.0","7.0","2.0","0.0","2.0","15.0","6.0","9.0","623.0","279.0","344.0","619.0","269.0","350.0","14.0","7.0","7.0","2.0","0.0","2.0","13.0","4.0","9.0","590.0","258.0","332.0","35.0","23.0","12.0","0.0","0.0","0.0","0.0","0.0","0.0","2.0","2.0","0.0","33.0","21.0","12.0","17151.0","5799.0","11352.0","1","0.845329526","34944"
"45","84.0","84.0","Greater Mumbai (M Corp.) (Part) WARD NO.-2284","Greater Mumbai","Maharashtra","27518999998027942284","26276.0","119700.0","64482.0","55218.0","12918.0","6726.0","6192.0","12407.0","6315.0","6092.0","1619.0","862.0","757.0","96294.0","54339.0","41955.0","23406.0","10143.0","13263.0","44917.0","36873.0","8044.0","42979.0","35665.0","7314.0","50.0","31.0","19.0","157.0","122.0","35.0","0.0","0.0","0.0","41894.0","34904.0","6990.0","1938.0","1208.0","730.0","30.0","17.0","13.0","9.0","7.0","2.0","95.0","31.0","64.0","1804.0","1153.0","651.0","1609.0","984.0","625.0","30.0","17.0","13.0","9.0","7.0","2.0","79.0","26.0","53.0","1491.0","934.0","557.0","329.0","224.0","105.0","0.0","0.0","0.0","0.0","0.0","0.0","16.0","5.0","11.0","313.0","219.0","94.0","74783.0","27609.0","47174.0","7","7.079976216","16907"
"46","78.0","78.0","Greater Mumbai (M Corp.) (Part) WARD NO.-1978","Greater Mumbai","Maharashtra","27518999998027941978","122765.0","586637.0","329757.0","256880.0","68658.0","35977.0","32681.0","36447.0","19002.0","17445.0","3917.0","2081.0","1836.0","456808.0","270203.0","186605.0","129829.0","59554.0","70275.0","227002.0","194115.0","32887.0","215726.0","186238.0","29488.0","394.0","291.0","103.0","1234.0","982.0","252.0","0.0","0.0","0.0","209575.0","181671.0","27904.0","11276.0","7877.0","3399.0","209.0","115.0","94.0","114.0","70.0","44.0","492.0","214.0","278.0","10461.0","7478.0","2983.0","9143.0","6258.0","2885.0","208.0","114.0","94.0","100.0","59.0","41.0","372.0","167.0","205.0","8463.0","5918.0","2545.0","2133.0","1619.0","514.0","1.0","1.0","0.0","14.0","11.0","3.0","120.0","47.0","73.0","1998.0","1560.0","438.0","359635.0","135642.0","223993.0","8","7.829280723","74929"
"47","84.0","84.0","Greater Mumbai (M Corp.) (Part) WARD NO.-2384","Greater Mumbai","Maharashtra","27518999998027942384","49589.0","216393.0","113954.0","102439.0","22082.0","11513.0","10569.0","23367.0","11692.0","11675.0","1687.0","900.0","787.0","177879.0","97302.0","80577.0","38514.0","16652.0","21862.0","84021.0","65001.0","19020.0","78851.0","61878.0","16973.0","289.0","189.0","100.0","424.0","315.0","109.0","0.0","0.0","0.0","76003.0","59973.0","16030.0","5170.0","3123.0","2047.0","89.0","46.0","43.0","66.0","37.0","29.0","368.0","115.0","253.0","4647.0","2925.0","1722.0","3952.0","2343.0","1609.0","83.0","43.0","40.0","62.0","36.0","26.0","206.0","65.0","141.0","3601.0","2199.0","1402.0","1218.0","780.0","438.0","6.0","3.0","3.0","4.0","1.0","3.0","162.0","50.0","112.0","1046.0","726.0","320.0","132372.0","48953.0","83419.0","5","4.909901479","44073"
"48","83.0","83.0","Greater Mumbai (M Corp.) (Part) WARD NO.-2283","Greater Mumbai","Maharashtra","27518999998027942283","46583.0","215682.0","114867.0","100815.0","21854.0","11484.0","10370.0","11617.0","6011.0","5606.0","2205.0","1212.0","993.0","177125.0","97858.0","79267.0","38557.0","17009.0","21548.0","82063.0","66966.0","15097.0","78513.0","64631.0","13882.0","157.0","118.0","39.0","398.0","319.0","79.0","0.0","0.0","0.0","76098.0","63062.0","13036.0","3550.0","2335.0","1215.0","156.0","82.0","74.0","32.0","23.0","9.0","213.0","75.0","138.0","3149.0","2155.0","994.0","2903.0","1955.0","948.0","149.0","76.0","73.0","27.0","18.0","9.0","164.0","59.0","105.0","2563.0","1802.0","761.0","647.0","380.0","267.0","7.0","6.0","1.0","5.0","5.0","0.0","49.0","16.0","33.0","586.0","353.0","233.0","133619.0","47901.0","85718.0","3","2.538864957","84952"
"49","49.0","49.0","Greater Mumbai (M Corp.) (Part) WARD NO.-1249","Greater Mumbai","Maharashtra","27518999998027941249","39274.0","164831.0","86280.0","78551.0","12520.0","6575.0","5945.0","9458.0","4870.0","4588.0","1413.0","749.0","664.0","140356.0","75838.0","64518.0","24475.0","10442.0","14033.0","68420.0","51023.0","17397.0","65770.0","49400.0","16370.0","121.0","78.0","43.0","192.0","123.0","69.0","0.0","0.0","0.0","64092.0","48386.0","15706.0","2650.0","1623.0","1027.0","69.0","34.0","35.0","18.0","14.0","4.0","112.0","48.0","64.0","2451.0","1527.0","924.0","2186.0","1313.0","873.0","67.0","32.0","35.0","17.0","13.0","4.0","89.0","41.0","48.0","2013.0","1227.0","786.0","464.0","310.0","154.0","2.0","2.0","0.0","1.0","1.0","0.0","23.0","7.0","16.0","438.0","300.0","138.0","96411.0","35257.0","61154.0","10","9.750090042","16906"
"50","81.0","81.0","Greater Mumbai (M Corp.) (Part) WARD NO.-2281","Greater Mumbai","Maharashtra","27518999998027942281","53386.0","233451.0","123846.0","109605.0","21405.0","11127.0","10278.0","23545.0","12161.0","11384.0","2590.0","1388.0","1202.0","192293.0","105839.0","86454.0","41158.0","18007.0","23151.0","92279.0","72900.0","19379.0","87857.0","70196.0","17661.0","146.0","87.0","59.0","329.0","250.0","79.0","0.0","0.0","0.0","84949.0","68218.0","16731.0","4422.0","2704.0","1718.0","83.0","39.0","44.0","40.0","21.0","19.0","294.0","69.0","225.0","4005.0","2575.0","1430.0","3489.0","2128.0","1361.0","80.0","38.0","42.0","38.0","20.0","18.0","144.0","39.0","105.0","3227.0","2031.0","1196.0","933.0","576.0","357.0","3.0","1.0","2.0","2.0","1.0","1.0","150.0","30.0","120.0","778.0","544.0","234.0","141172.0","50946.0","90226.0","10","10.08895555","23139"
"51","43.0","43.0","Greater Mumbai (M Corp.) (Part) WARD NO.-1043","Greater Mumbai","Maharashtra","27518999998027941043","21127.0","99427.0","55206.0","44221.0","9488.0","4990.0","4498.0","5137.0","2547.0","2590.0","588.0","326.0","262.0","81277.0","46623.0","34654.0","18150.0","8583.0","9567.0","41494.0","33272.0","8222.0","38950.0","31700.0","7250.0","117.0","67.0","50.0","180.0","127.0","53.0","0.0","0.0","0.0","37171.0","30406.0","6765.0","2544.0","1572.0","972.0","92.0","49.0","43.0","36.0","26.0","10.0","153.0","64.0","89.0","2263.0","1433.0","830.0","2147.0","1317.0","830.0","89.0","47.0","42.0","23.0","13.0","10.0","119.0","56.0","63.0","1916.0","1201.0","715.0","397.0","255.0","142.0","3.0","2.0","1.0","13.0","13.0","0.0","34.0","8.0","26.0","347.0","232.0","115.0","57933.0","21934.0","35999.0","1","0.968988281","102609"
"52","77.0","77.0","Greater Mumbai (M Corp.) (Part) WARD NO.-1977","Greater Mumbai","Maharashtra","27518999998027941977","33618.0","156954.0","83653.0","73301.0","16350.0","8528.0","7822.0","12770.0","6469.0","6301.0","784.0","437.0","347.0","126916.0","69945.0","56971.0","30038.0","13708.0","16330.0","59060.0","47401.0","11659.0","56171.0","45606.0","10565.0","93.0","60.0","33.0","193.0","146.0","47.0","0.0","0.0","0.0","54624.0","44572.0","10052.0","2889.0","1795.0","1094.0","81.0","54.0","27.0","12.0","5.0","7.0","125.0","52.0","73.0","2671.0","1684.0","987.0","2294.0","1366.0","928.0","78.0","51.0","27.0","9.0","4.0","5.0","82.0","38.0","44.0","2125.0","1273.0","852.0","595.0","429.0","166.0","3.0","3.0","0.0","3.0","1.0","2.0","43.0","14.0","29.0","546.0","411.0","135.0","97894.0","36252.0","61642.0","4","3.599689098","43602"
"53","76.0","76.0","Greater Mumbai (M Corp.) (Part) WARD NO.-1976","Greater Mumbai","Maharashtra","27518999998027941976","3860.0","19086.0","10534.0","8552.0","1960.0","1075.0","885.0","1687.0","838.0","849.0","65.0","38.0","27.0","15869.0","9058.0","6811.0","3217.0","1476.0","1741.0","7372.0","6282.0","1090.0","7022.0","6113.0","909.0","18.0","13.0","5.0","17.0","17.0","0.0","0.0","0.0","0.0","6722.0","5895.0","827.0","350.0","169.0","181.0","4.0","1.0","3.0","1.0","1.0","0.0","17.0","2.0","15.0","328.0","165.0","163.0","306.0","146.0","160.0","4.0","1.0","3.0","1.0","1.0","0.0","12.0","1.0","11.0","289.0","143.0","146.0","44.0","23.0","21.0","0.0","0.0","0.0","0.0","0.0","0.0","5.0","1.0","4.0","39.0","22.0","17.0","11714.0","4252.0","7462.0","1","0.849475621","22468"
"54","32.0","32.0","Greater Mumbai (M Corp.) (Part) WARD NO.-0732","Greater Mumbai","Maharashtra","27519999998027940732","108293.0","484266.0","262640.0","221626.0","50212.0","26152.0","24060.0","35793.0","18371.0","17422.0","5686.0","3098.0","2588.0","379907.0","215682.0","164225.0","104359.0","46958.0","57401.0","189773.0","152712.0","37061.0","176746.0","144758.0","31988.0","605.0","403.0","202.0","1061.0","869.0","192.0","0.0","0.0","0.0","169705.0","139649.0","30056.0","13027.0","7954.0","5073.0","439.0","210.0","229.0","135.0","88.0","47.0","890.0","315.0","575.0","11563.0","7341.0","4222.0","10860.0","6518.0","4342.0","432.0","207.0","225.0","115.0","72.0","43.0","639.0","237.0","402.0","9674.0","6002.0","3672.0","2167.0","1436.0","731.0","7.0","3.0","4.0","20.0","16.0","4.0","251.0","78.0","173.0","1889.0","1339.0","550.0","294493.0","109928.0","184565.0","13","12.6066442","38414"
"55","80.0","80.0","Greater Mumbai (M Corp.) (Part) WARD NO.-2180","Greater Mumbai","Maharashtra","27518999998027942180","12870.0","54375.0","28925.0","25450.0","5131.0","2706.0","2425.0","5110.0","2639.0","2471.0","1002.0","532.0","470.0","43743.0","24049.0","19694.0","10632.0","4876.0","5756.0","22408.0","17443.0","4965.0","20320.0","16152.0","4168.0","107.0","79.0","28.0","105.0","70.0","35.0","0.0","0.0","0.0","19612.0","15687.0","3925.0","2088.0","1291.0","797.0","49.0","24.0","25.0","27.0","21.0","6.0","59.0","24.0","35.0","1953.0","1222.0","731.0","1898.0","1147.0","751.0","49.0","24.0","25.0","22.0","16.0","6.0","41.0","17.0","24.0","1786.0","1090.0","696.0","190.0","144.0","46.0","0.0","0.0","0.0","5.0","5.0","0.0","18.0","7.0","11.0","167.0","132.0","35.0","31967.0","11482.0","20485.0","27","27.49894583","1977"
"56","34.0","34.0","Greater Mumbai (M Corp.) (Part) WARD NO.-0934","Greater Mumbai","Maharashtra","27519999998027940934","19603.0","80583.0","40008.0","40575.0","5511.0","2779.0","2732.0","1243.0","619.0","624.0","309.0","163.0","146.0","70605.0","35401.0","35204.0","9978.0","4607.0","5371.0","31584.0","22170.0","9414.0","30159.0","21459.0","8700.0","64.0","37.0","27.0","96.0","62.0","34.0","0.0","0.0","0.0","29348.0","20989.0","8359.0","1425.0","711.0","714.0","29.0","14.0","15.0","14.0","5.0","9.0","73.0","27.0","46.0","1309.0","665.0","644.0","1248.0","615.0","633.0","29.0","14.0","15.0","13.0","5.0","8.0","50.0","20.0","30.0","1156.0","576.0","580.0","177.0","96.0","81.0","0.0","0.0","0.0","1.0","0.0","1.0","23.0","7.0","16.0","153.0","89.0","64.0","48999.0","17838.0","31161.0","2","1.952580709","41270"
"57","41.0","41.0","Greater Mumbai (M Corp.) (Part) WARD NO.-1141","Greater Mumbai","Maharashtra","27518999998027941141","12403.0","48710.0","24372.0","24338.0","3424.0","1753.0","1671.0","2708.0","1321.0","1387.0","232.0","125.0","107.0","41914.0","21218.0","20696.0","6796.0","3154.0","3642.0","21421.0","14522.0","6899.0","20304.0","13869.0","6435.0","61.0","36.0","25.0","88.0","58.0","30.0","0.0","0.0","0.0","19647.0","13448.0","6199.0","1117.0","653.0","464.0","36.0","17.0","19.0","21.0","11.0","10.0","43.0","17.0","26.0","1017.0","608.0","409.0","996.0","584.0","412.0","36.0","17.0","19.0","19.0","10.0","9.0","37.0","16.0","21.0","904.0","541.0","363.0","121.0","69.0","52.0","0.0","0.0","0.0","2.0","1.0","1.0","6.0","1.0","5.0","113.0","67.0","46.0","27289.0","9850.0","17439.0","1","0.819827654","59415"
"58","79.0","79.0","Greater Mumbai (M Corp.) (Part) WARD NO.-2179","Greater Mumbai","Maharashtra","27518999998027942179","80737.0","357518.0","188706.0","168812.0","36190.0","18934.0","17256.0","68764.0","35332.0","33432.0","2973.0","1589.0","1384.0","285729.0","158043.0","127686.0","71789.0","30663.0","41126.0","145632.0","109281.0","36351.0","134539.0","103135.0","31404.0","414.0","265.0","149.0","955.0","755.0","200.0","0.0","0.0","0.0","119271.0","92189.0","27082.0","11093.0","6146.0","4947.0","235.0","113.0","122.0","124.0","75.0","49.0","1611.0","700.0","911.0","9123.0","5258.0","3865.0","9160.0","5015.0","4145.0","226.0","107.0","119.0","111.0","65.0","46.0","981.0","383.0","598.0","7842.0","4460.0","3382.0","1933.0","1131.0","802.0","9.0","6.0","3.0","13.0","10.0","3.0","630.0","317.0","313.0","1281.0","798.0","483.0","211886.0","79425.0","132461.0","6","5.959164786","59995"
"59","8.0","8.0","Greater Mumbai (M Corp.) (Part) WARD NO.-0208","Greater Mumbai","Maharashtra","27519999998027940208","11440.0","55886.0","30270.0","25616.0","5590.0","2966.0","2624.0","1539.0","750.0","789.0","93.0","64.0","29.0","46205.0","25239.0","20966.0","9681.0","5031.0","4650.0","19930.0","17366.0","2564.0","18994.0","16818.0","2176.0","42.0","30.0","12.0","33.0","25.0","8.0","0.0","0.0","0.0","18354.0","16308.0","2046.0","936.0","548.0","388.0","13.0","7.0","6.0","17.0","11.0","6.0","52.0","16.0","36.0","854.0","514.0","340.0","799.0","452.0","347.0","12.0","7.0","5.0","13.0","7.0","6.0","42.0","13.0","29.0","732.0","425.0","307.0","137.0","96.0","41.0","1.0","0.0","1.0","4.0","4.0","0.0","10.0","3.0","7.0","122.0","89.0","33.0","35956.0","12904.0","23052.0","0","0.435777963","128244"
"60","45.0","45.0","Greater Mumbai (M Corp.) (Part) WARD NO.-1145","Greater Mumbai","Maharashtra","27518999998027941145","3024.0","12322.0","6223.0","6099.0","799.0","415.0","384.0","167.0","88.0","79.0","29.0","16.0","13.0","11049.0","5583.0","5466.0","1273.0","640.0","633.0","4803.0","3616.0","1187.0","4631.0","3494.0","1137.0","8.0","7.0","1.0","15.0","12.0","3.0","0.0","0.0","0.0","4427.0","3330.0","1097.0","172.0","122.0","50.0","6.0","3.0","3.0","3.0","1.0","2.0","6.0","0.0","6.0","157.0","118.0","39.0","157.0","112.0","45.0","6.0","3.0","3.0","3.0","1.0","2.0","6.0","0.0","6.0","142.0","108.0","34.0","15.0","10.0","5.0","0.0","0.0","0.0","0.0","0.0","0.0","0.0","0.0","0.0","15.0","10.0","5.0","7519.0","2607.0","4912.0","2","2.447871234","5034"
"61","79.0","79.0","Greater Mumbai (M Corp.) (Part) WARD NO.-2079","Greater Mumbai","Maharashtra","27518999998027942079","9781.0","47147.0","24879.0","22268.0","5491.0","2927.0","2564.0","8705.0","4424.0","4281.0","366.0","197.0","169.0","36392.0","20198.0","16194.0","10755.0","4681.0","6074.0","16683.0","13273.0","3410.0","15665.0","12682.0","2983.0","49.0","31.0","18.0","59.0","51.0","8.0","0.0","0.0","0.0","14923.0","12142.0","2781.0","1018.0","591.0","427.0","25.0","8.0","17.0","11.0","4.0","7.0","117.0","47.0","70.0","865.0","532.0","333.0","818.0","461.0","357.0","23.0","7.0","16.0","9.0","3.0","6.0","92.0","42.0","50.0","694.0","409.0","285.0","200.0","130.0","70.0","2.0","1.0","1.0","2.0","1.0","1.0","25.0","5.0","20.0","171.0","123.0","48.0","30464.0","11606.0","18858.0","1","1.318325758","35763"
"62","44.0","44.0","Greater Mumbai (M Corp.) (Part) WARD NO.-1144","Greater Mumbai","Maharashtra","27518999998027941144","4793.0","18855.0","9387.0","9468.0","1114.0","569.0","545.0","166.0","79.0","87.0","15.0","6.0","9.0","17019.0","8549.0","8470.0","1836.0","838.0","998.0","7790.0","5621.0","2169.0","7629.0","5539.0","2090.0","11.0","6.0","5.0","12.0","8.0","4.0","0.0","0.0","0.0","7344.0","5302.0","2042.0","161.0","82.0","79.0","1.0","1.0","0.0","2.0","1.0","1.0","5.0","2.0","3.0","153.0","78.0","75.0","147.0","75.0","72.0","1.0","1.0","0.0","2.0","1.0","1.0","3.0","2.0","1.0","141.0","71.0","70.0","14.0","7.0","7.0","0.0","0.0","0.0","0.0","0.0","0.0","2.0","0.0","2.0","12.0","7.0","5.0","11065.0","3766.0","7299.0","1","1.228896856","15343"
"63","40.0","40.0","Greater Mumbai (M Corp.) (Part) WARD NO.-1140","Greater Mumbai","Maharashtra","27518999998027941140","9538.0","36739.0","18219.0","18520.0","2570.0","1354.0","1216.0","394.0","183.0","211.0","73.0","37.0","36.0","31634.0","15898.0","15736.0","5105.0","2321.0","2784.0","15228.0","10355.0","4873.0","14654.0","10041.0","4613.0","34.0","20.0","14.0","62.0","41.0","21.0","0.0","0.0","0.0","14077.0","9632.0","4445.0","574.0","314.0","260.0","14.0","10.0","4.0","5.0","3.0","2.0","19.0","11.0","8.0","536.0","290.0","246.0","511.0","270.0","241.0","14.0","10.0","4.0","5.0","3.0","2.0","14.0","7.0","7.0","478.0","250.0","228.0","63.0","44.0","19.0","0.0","0.0","0.0","0.0","0.0","0.0","5.0","4.0","1.0","58.0","40.0","18.0","21511.0","7864.0","13647.0","2","2.076972388","17689"
"64","80.0","80.0","Greater Mumbai (M Corp.) (Part) WARD NO.-2080","Greater Mumbai","Maharashtra","27518999998027942080","156619.0","760573.0","411678.0","348895.0","100250.0","52144.0","48106.0","69399.0","35916.0","33483.0","9508.0","5023.0","4485.0","548944.0","314755.0","234189.0","211629.0","96923.0","114706.0","268346.0","225471.0","42875.0","247368.0","211358.0","36010.0","710.0","498.0","212.0","1247.0","1012.0","235.0","0.0","0.0","0.0","237900.0","204165.0","33735.0","20978.0","14113.0","6865.0","537.0","305.0","232.0","255.0","182.0","73.0","1363.0","713.0","650.0","18823.0","12913.0","5910.0","17183.0","11405.0","5778.0","509.0","285.0","224.0","212.0","148.0","64.0","1004.0","547.0","457.0","15458.0","10425.0","5033.0","3795.0","2708.0","1087.0","28.0","20.0","8.0","43.0","34.0","9.0","359.0","166.0","193.0","3365.0","2488.0","877.0","492227.0","186207.0","306020.0","6","5.713038999","133129"
"65","35.0","35.0","Greater Mumbai (M Corp.) (Part) WARD NO.-0835","Greater Mumbai","Maharashtra","27519999998027940835","10786.0","48021.0","24973.0","23048.0","3676.0","1921.0","1755.0","4252.0","2068.0","2184.0","229.0","117.0","112.0","40806.0","21904.0","18902.0","7215.0","3069.0","4146.0","19571.0","14374.0","5197.0","18632.0","13902.0","4730.0","97.0","72.0","25.0","90.0","64.0","26.0","0.0","0.0","0.0","17979.0","13484.0","4495.0","939.0","472.0","467.0","32.0","17.0","15.0","5.0","1.0","4.0","74.0","27.0","47.0","828.0","427.0","401.0","726.0","369.0","357.0","31.0","16.0","15.0","5.0","1.0","4.0","60.0","23.0","37.0","630.0","329.0","301.0","213.0","103.0","110.0","1.0","1.0","0.0","0.0","0.0","0.0","14.0","4.0","10.0","198.0","98.0","100.0","28450.0","10599.0","17851.0","1","0.722598167","66456"
"66","33.0","33.0","Greater Mumbai (M Corp.) (Part) WARD NO.-0933","Greater Mumbai","Maharashtra","27519999998027940933","94194.0","454589.0","258777.0","195812.0","47050.0","24425.0","22625.0","52351.0","26809.0","25542.0","3190.0","1757.0","1433.0","352786.0","210459.0","142327.0","101803.0","48318.0","53485.0","192410.0","160413.0","31997.0","181751.0","153342.0","28409.0","464.0","317.0","147.0","727.0","588.0","139.0","0.0","0.0","0.0","171664.0","145424.0","26240.0","10659.0","7071.0","3588.0","295.0","154.0","141.0","95.0","62.0","33.0","827.0","405.0","422.0","9442.0","6450.0","2992.0","9021.0","5966.0","3055.0","292.0","153.0","139.0","77.0","52.0","25.0","555.0","247.0","308.0","8097.0","5514.0","2583.0","1638.0","1105.0","533.0","3.0","1.0","2.0","18.0","10.0","8.0","272.0","158.0","114.0","1345.0","936.0","409.0","262179.0","98364.0","163815.0","5","5.306912641","85660"
"67","45.0","45.0","Greater Mumbai (M Corp.) (Part) WARD NO.-1045","Greater Mumbai","Maharashtra","27518999998027941045","38257.0","185572.0","101137.0","84435.0","20609.0","10688.0","9921.0","18186.0","9300.0","8886.0","1802.0","1037.0","765.0","142937.0","81219.0","61718.0","42635.0","19918.0","22717.0","73974.0","58377.0","15597.0","66757.0","53904.0","12853.0","488.0","321.0","167.0","714.0","604.0","110.0","0.0","0.0","0.0","63285.0","51364.0","11921.0","7217.0","4473.0","2744.0","227.0","128.0","99.0","457.0","388.0","69.0","390.0","180.0","210.0","6143.0","3777.0","2366.0","6139.0","3698.0","2441.0","195.0","111.0","84.0","424.0","371.0","53.0","267.0","123.0","144.0","5253.0","3093.0","2160.0","1078.0","775.0","303.0","32.0","17.0","15.0","33.0","17.0","16.0","123.0","57.0","66.0","890.0","684.0","206.0","111598.0","42760.0","68838.0","0","0.302737041","612981"
"68","31.0","31.0","Greater Mumbai (M Corp.) (Part) WARD NO.-0731","Greater Mumbai","Maharashtra","27519999998027940731","11331.0","44768.0","22544.0","22224.0","2374.0","1269.0","1105.0","1424.0","715.0","709.0","147.0","88.0","59.0","40585.0","20386.0","20199.0","4183.0","2158.0","2025.0","18191.0","13279.0","4912.0","17833.0","13079.0","4754.0","28.0","25.0","3.0","33.0","22.0","11.0","0.0","0.0","0.0","17421.0","12809.0","4612.0","358.0","200.0","158.0","6.0","4.0","2.0","1.0","0.0","1.0","16.0","6.0","10.0","335.0","190.0","145.0","283.0","161.0","122.0","6.0","4.0","2.0","1.0","0.0","1.0","13.0","4.0","9.0","263.0","153.0","110.0","75.0","39.0","36.0","0.0","0.0","0.0","0.0","0.0","0.0","3.0","2.0","1.0","72.0","37.0","35.0","26577.0","9265.0","17312.0","2","2.074991079","21575"
"69","35.0","35.0","Greater Mumbai (M Corp.) (Part) WARD NO.-0935","Greater Mumbai","Maharashtra","27519999998027940935","14341.0","63867.0","32384.0","31483.0","4459.0","2224.0","2235.0","4905.0","2434.0","2471.0","280.0","145.0","135.0","54560.0","28440.0","26120.0","9307.0","3944.0","5363.0","26038.0","18799.0","7239.0","23861.0","17608.0","6253.0","97.0","61.0","36.0","145.0","125.0","20.0","0.0","0.0","0.0","23002.0","17030.0","5972.0","2177.0","1191.0","986.0","49.0","24.0","25.0","10.0","4.0","6.0","82.0","25.0","57.0","2036.0","1138.0","898.0","2040.0","1117.0","923.0","49.0","24.0","25.0","10.0","4.0","6.0","59.0","18.0","41.0","1922.0","1071.0","851.0","137.0","74.0","63.0","0.0","0.0","0.0","0.0","0.0","0.0","23.0","7.0","16.0","114.0","67.0","47.0","37829.0","13585.0","24244.0","3","2.788857158","22901"
"70","36.0","36.0","Greater Mumbai (M Corp.) (Part) WARD NO.-0836","Greater Mumbai","Maharashtra","27519999998027940836","33628.0","148827.0","78660.0","70167.0","11401.0","6009.0","5392.0","13315.0","6808.0","6507.0","2785.0","1393.0","1392.0","125073.0","68363.0","56710.0","23754.0","10297.0","13457.0","60438.0","45537.0","14901.0","57360.0","43742.0","13618.0","191.0","137.0","54.0","227.0","174.0","53.0","0.0","0.0","0.0","55445.0","42539.0","12906.0","3078.0","1795.0","1283.0","89.0","39.0","50.0","34.0","18.0","16.0","315.0","131.0","184.0","2640.0","1607.0","1033.0","2458.0","1381.0","1077.0","88.0","38.0","50.0","28.0","16.0","12.0","248.0","105.0","143.0","2094.0","1222.0","872.0","620.0","414.0","206.0","1.0","1.0","0.0","6.0","2.0","4.0","67.0","26.0","41.0","546.0","385.0","161.0","88389.0","33123.0","55266.0","3","2.794335811","53260"
"71","30.0","30.0","Greater Mumbai (M Corp.) (Part) WARD NO.-0630","Greater Mumbai","Maharashtra","27519999998027940630","18812.0","85346.0","44313.0","41033.0","6700.0","3525.0","3175.0","11191.0","5488.0","5703.0","438.0","245.0","193.0","72133.0","38543.0","33590.0","13213.0","5770.0","7443.0","33300.0","25249.0","8051.0","31550.0","24140.0","7410.0","81.0","50.0","31.0","264.0","228.0","36.0","0.0","0.0","0.0","30263.0","23323.0","6940.0","1750.0","1109.0","641.0","73.0","36.0","37.0","22.0","17.0","5.0","126.0","55.0","71.0","1529.0","1001.0","528.0","1508.0","947.0","561.0","73.0","36.0","37.0","20.0","15.0","5.0","112.0","49.0","63.0","1303.0","847.0","456.0","242.0","162.0","80.0","0.0","0.0","0.0","2.0","2.0","0.0","14.0","6.0","8.0","226.0","154.0","72.0","52046.0","19064.0","32982.0","2","1.555582748","54864"
"72","29.0","29.0","Greater Mumbai (M Corp.) (Part) WARD NO.-0629","Greater Mumbai","Maharashtra","27519999998027940629","35973.0","168063.0","90695.0","77368.0","16244.0","8701.0","7543.0","9279.0","4807.0","4472.0","1553.0","822.0","731.0","136532.0","76433.0","60099.0","31531.0","14262.0","17269.0","65009.0","51740.0","13269.0","60951.0","49146.0","11805.0","164.0","98.0","66.0","292.0","231.0","61.0","0.0","0.0","0.0","58704.0","47617.0","11087.0","4058.0","2594.0","1464.0","165.0","90.0","75.0","46.0","32.0","14.0","290.0","131.0","159.0","3557.0","2341.0","1216.0","3329.0","2149.0","1180.0","160.0","88.0","72.0","43.0","30.0","13.0","213.0","103.0","110.0","2913.0","1928.0","985.0","729.0","445.0","284.0","5.0","2.0","3.0","3.0","2.0","1.0","77.0","28.0","49.0","644.0","413.0","231.0","103054.0","38955.0","64099.0","6","5.599155749","30016"
"73","17.0","17.0","Greater Mumbai (M Corp.) (Part) WARD NO.-0417","Greater Mumbai","Maharashtra","27519999998027940417","10999.0","54783.0","28721.0","26062.0","4898.0","2510.0","2388.0","3554.0","1687.0","1867.0","72.0","39.0","33.0","44835.0","24203.0","20632.0","9948.0","4518.0","5430.0","21728.0","17201.0","4527.0","20123.0","16209.0","3914.0","72.0","40.0","32.0","63.0","39.0","24.0","0.0","0.0","0.0","19380.0","15686.0","3694.0","1605.0","992.0","613.0","39.0","18.0","21.0","20.0","16.0","4.0","119.0","77.0","42.0","1427.0","881.0","546.0","1321.0","818.0","503.0","39.0","18.0","21.0","20.0","16.0","4.0","62.0","32.0","30.0","1200.0","752.0","448.0","284.0","174.0","110.0","0.0","0.0","0.0","0.0","0.0","0.0","57.0","45.0","12.0","227.0","129.0","98.0","33055.0","11520.0","21535.0","1","0.630952357","86826"
"74","11.0","11.0","Greater Mumbai (M Corp.) (Part) WARD NO.-0311","Greater Mumbai","Maharashtra","27519999998027940311","5335.0","25646.0","14566.0","11080.0","2051.0","1061.0","990.0","720.0","346.0","374.0","41.0","25.0","16.0","21487.0","12540.0","8947.0","4159.0","2026.0","2133.0","11137.0","9401.0","1736.0","10518.0","8991.0","1527.0","29.0","17.0","12.0","12.0","8.0","4.0","0.0","0.0","0.0","10085.0","8694.0","1391.0","619.0","410.0","209.0","28.0","16.0","12.0","7.0","2.0","5.0","39.0","12.0","27.0","545.0","380.0","165.0","573.0","386.0","187.0","28.0","16.0","12.0","6.0","1.0","5.0","32.0","9.0","23.0","507.0","360.0","147.0","46.0","24.0","22.0","0.0","0.0","0.0","1.0","1.0","0.0","7.0","3.0","4.0","38.0","20.0","18.0","14509.0","5165.0","9344.0","1","0.529423362","48441"
"75","19.0","19.0","Greater Mumbai (M Corp.) (Part) WARD NO.-0419","Greater Mumbai","Maharashtra","27519999998027940419","3641.0","15065.0","8087.0","6978.0","803.0","444.0","359.0","217.0","116.0","101.0","224.0","111.0","113.0","13315.0","7212.0","6103.0","1750.0","875.0","875.0","6919.0","5249.0","1670.0","6568.0","5031.0","1537.0","22.0","16.0","6.0","12.0","11.0","1.0","0.0","0.0","0.0","6277.0","4809.0","1468.0","351.0","218.0","133.0","11.0","8.0","3.0","2.0","1.0","1.0","17.0","7.0","10.0","321.0","202.0","119.0","288.0","175.0","113.0","11.0","8.0","3.0","2.0","1.0","1.0","12.0","5.0","7.0","263.0","161.0","102.0","63.0","43.0","20.0","0.0","0.0","0.0","0.0","0.0","0.0","5.0","2.0","3.0","58.0","41.0","17.0","8146.0","2838.0","5308.0","0","0.430025068","35033"
"76","28.0","28.0","Greater Mumbai (M Corp.) (Part) WARD NO.-0628","Greater Mumbai","Maharashtra","27519999998027940628","24948.0","107563.0","55731.0","51832.0","7573.0","3952.0","3621.0","5711.0","2862.0","2849.0","539.0","257.0","282.0","94378.0","49749.0","44629.0","13185.0","5982.0","7203.0","42902.0","32118.0","10784.0","40930.0","31021.0","9909.0","125.0","79.0","46.0","221.0","189.0","32.0","0.0","0.0","0.0","39461.0","30004.0","9457.0","1972.0","1097.0","875.0","91.0","46.0","45.0","12.0","9.0","3.0","97.0","41.0","56.0","1772.0","1001.0","771.0","1667.0","906.0","761.0","87.0","44.0","43.0","11.0","8.0","3.0","83.0","34.0","49.0","1486.0","820.0","666.0","305.0","191.0","114.0","4.0","2.0","2.0","1.0","1.0","0.0","14.0","7.0","7.0","286.0","181.0","105.0","64661.0","23613.0","41048.0","3","2.607476779","41252"
"77","38.0","38.0","Greater Mumbai (M Corp.) (Part) WARD NO.-0838","Greater Mumbai","Maharashtra","27519999998027940838","18133.0","84372.0","48741.0","35631.0","7298.0","3845.0","3453.0","6825.0","3601.0","3224.0","544.0","302.0","242.0","66637.0","40198.0","26439.0","17735.0","8543.0","9192.0","36252.0","30026.0","6226.0","34653.0","28992.0","5661.0","379.0","340.0","39.0","195.0","162.0","33.0","0.0","0.0","0.0","33019.0","27640.0","5379.0","1599.0","1034.0","565.0","62.0","33.0","29.0","22.0","16.0","6.0","84.0","47.0","37.0","1431.0","938.0","493.0","1250.0","779.0","471.0","61.0","32.0","29.0","18.0","13.0","5.0","45.0","23.0","22.0","1126.0","711.0","415.0","349.0","255.0","94.0","1.0","1.0","0.0","4.0","3.0","1.0","39.0","24.0","15.0","305.0","227.0","78.0","48120.0","18715.0","29405.0","2","2.435337481","34645"
"78","37.0","37.0","Greater Mumbai (M Corp.) (Part) WARD NO.-0837","Greater Mumbai","Maharashtra","27519999998027940837","20910.0","96529.0","56388.0","40141.0","7758.0","4094.0","3664.0","13307.0","6831.0","6476.0","497.0","289.0","208.0","79788.0","48836.0","30952.0","16741.0","7552.0","9189.0","42960.0","35684.0","7276.0","41511.0","34821.0","6690.0","86.0","66.0","20.0","138.0","108.0","30.0","0.0","0.0","0.0","39673.0","33362.0","6311.0","1449.0","863.0","586.0","41.0","21.0","20.0","10.0","4.0","6.0","72.0","24.0","48.0","1326.0","814.0","512.0","1166.0","677.0","489.0","40.0","20.0","20.0","9.0","3.0","6.0","48.0","15.0","33.0","1069.0","639.0","430.0","283.0","186.0","97.0","1.0","1.0","0.0","1.0","1.0","0.0","24.0","9.0","15.0","257.0","175.0","82.0","53569.0","20704.0","32865.0","2","1.86716684","51698"
"79","27.0","27.0","Greater Mumbai (M Corp.) (Part) WARD NO.-0527","Greater Mumbai","Maharashtra","27519999998027940527","30836.0","159953.0","88522.0","71431.0","15177.0","8009.0","7168.0","7622.0","3835.0","3787.0","578.0","304.0","274.0","126980.0","70916.0","56064.0","32973.0","17606.0","15367.0","65468.0","53712.0","11756.0","61066.0","50900.0","10166.0","176.0","119.0","57.0","254.0","207.0","47.0","0.0","0.0","0.0","58019.0","48365.0","9654.0","4402.0","2812.0","1590.0","102.0","55.0","47.0","52.0","24.0","28.0","411.0","294.0","117.0","3837.0","2439.0","1398.0","3690.0","2278.0","1412.0","100.0","54.0","46.0","49.0","22.0","27.0","333.0","241.0","92.0","3208.0","1961.0","1247.0","712.0","534.0","178.0","2.0","1.0","1.0","3.0","2.0","1.0","78.0","53.0","25.0","629.0","478.0","151.0","94485.0","34810.0","59675.0","2","2.484570226","64379"
"80","26.0","26.0","Greater Mumbai (M Corp.) (Part) WARD NO.-0526","Greater Mumbai","Maharashtra","27519999998027940526","6842.0","35980.0","20185.0","15795.0","3668.0","1931.0","1737.0","2942.0","1446.0","1496.0","305.0","166.0","139.0","27050.0","16045.0","11005.0","8930.0","4140.0","4790.0","14328.0","12126.0","2202.0","13180.0","11478.0","1702.0","49.0","34.0","15.0","44.0","31.0","13.0","0.0","0.0","0.0","12180.0","10702.0","1478.0","1148.0","648.0","500.0","17.0","11.0","6.0","11.0","5.0","6.0","89.0","34.0","55.0","1031.0","598.0","433.0","861.0","559.0","302.0","17.0","11.0","6.0","3.0","2.0","1.0","67.0","25.0","42.0","774.0","521.0","253.0","287.0","89.0","198.0","0.0","0.0","0.0","8.0","3.0","5.0","22.0","9.0","13.0","257.0","77.0","180.0","21652.0","8059.0","13593.0","0","0.258272872","139310"
"81","23.0","23.0","Greater Mumbai (M Corp.) (Part) WARD NO.-0523","Greater Mumbai","Maharashtra","27519999998027940523","12336.0","57232.0","30411.0","26821.0","4475.0","2296.0","2179.0","3184.0","1625.0","1559.0","501.0","266.0","235.0","49350.0","26737.0","22613.0","7882.0","3674.0","4208.0","23671.0","18482.0","5189.0","22241.0","17692.0","4549.0","63.0","33.0","30.0","77.0","56.0","21.0","0.0","0.0","0.0","21495.0","17131.0","4364.0","1430.0","790.0","640.0","38.0","20.0","18.0","10.0","6.0","4.0","50.0","21.0","29.0","1332.0","743.0","589.0","1190.0","641.0","549.0","35.0","18.0","17.0","6.0","2.0","4.0","39.0","17.0","22.0","1110.0","604.0","506.0","240.0","149.0","91.0","3.0","2.0","1.0","4.0","4.0","0.0","11.0","4.0","7.0","222.0","139.0","83.0","33561.0","11929.0","21632.0","2","2.034132237","28136"
"82","25.0","25.0","Greater Mumbai (M Corp.) (Part) WARD NO.-0525","Greater Mumbai","Maharashtra","27519999998027940525","5943.0","32121.0","17602.0","14519.0","3222.0","1624.0","1598.0","243.0","127.0","116.0","22.0","17.0","5.0","25975.0","14302.0","11673.0","6146.0","3300.0","2846.0","11870.0","10282.0","1588.0","11018.0","9724.0","1294.0","28.0","21.0","7.0","107.0","96.0","11.0","0.0","0.0","0.0","10184.0","8974.0","1210.0","852.0","558.0","294.0","17.0","8.0","9.0","14.0","10.0","4.0","73.0","33.0","40.0","748.0","507.0","241.0","725.0","464.0","261.0","17.0","8.0","9.0","10.0","8.0","2.0","49.0","21.0","28.0","649.0","427.0","222.0","127.0","94.0","33.0","0.0","0.0","0.0","4.0","2.0","2.0","24.0","12.0","12.0","99.0","80.0","19.0","20251.0","7320.0","12931.0","0","0.189481785","169520"
"83","21.0","21.0","Greater Mumbai (M Corp.) (Part) WARD NO.-0421","Greater Mumbai","Maharashtra","27519999998027940421","27040.0","118559.0","61887.0","56672.0","7832.0","4102.0","3730.0","10827.0","5270.0","5557.0","597.0","326.0","271.0","100114.0","52851.0","47263.0","18445.0","9036.0","9409.0","53225.0","37926.0","15299.0","49918.0","36125.0","13793.0","230.0","139.0","91.0","266.0","190.0","76.0","0.0","0.0","0.0","47663.0","34532.0","13131.0","3307.0","1801.0","1506.0","116.0","60.0","56.0","42.0","23.0","19.0","171.0","81.0","90.0","2978.0","1637.0","1341.0","2977.0","1592.0","1385.0","113.0","58.0","55.0","42.0","23.0","19.0","140.0","64.0","76.0","2682.0","1447.0","1235.0","330.0","209.0","121.0","3.0","2.0","1.0","0.0","0.0","0.0","31.0","17.0","14.0","296.0","190.0","106.0","65334.0","23961.0","41373.0","3","2.632548688","45036"
"84","9.0","9.0","Greater Mumbai (M Corp.) (Part) WARD NO.-0209","Greater Mumbai","Maharashtra","27519999998027940209","6675.0","30159.0","16324.0","13835.0","2721.0","1394.0","1327.0","3287.0","1587.0","1700.0","687.0","432.0","255.0","23224.0","12943.0","10281.0","6935.0","3381.0","3554.0","12630.0","10084.0","2546.0","11852.0","9586.0","2266.0","21.0","13.0","8.0","26.0","16.0","10.0","0.0","0.0","0.0","11537.0","9399.0","2138.0","778.0","498.0","280.0","7.0","7.0","0.0","2.0","1.0","1.0","44.0","14.0","30.0","725.0","476.0","249.0","588.0","376.0","212.0","5.0","5.0","0.0","1.0","1.0","0.0","34.0","10.0","24.0","548.0","360.0","188.0","190.0","122.0","68.0","2.0","2.0","0.0","1.0","0.0","1.0","10.0","4.0","6.0","177.0","116.0","61.0","17529.0","6240.0","11289.0","1","1.398908713","21559"
"85","22.0","22.0","Greater Mumbai (M Corp.) (Part) WARD NO.-0522","Greater Mumbai","Maharashtra","27519999998027940522","18125.0","88149.0","49531.0","38618.0","9034.0","4667.0","4367.0","4089.0","2229.0","1860.0","1089.0","579.0","510.0","66086.0","38415.0","27671.0","22063.0","11116.0","10947.0","36853.0","30961.0","5892.0","34051.0","29300.0","4751.0","72.0","53.0","19.0","74.0","55.0","19.0","0.0","0.0","0.0","33127.0","28598.0","4529.0","2802.0","1661.0","1141.0","36.0","24.0","12.0","14.0","7.0","7.0","100.0","53.0","47.0","2652.0","1577.0","1075.0","2335.0","1352.0","983.0","34.0","23.0","11.0","13.0","6.0","7.0","80.0","37.0","43.0","2208.0","1286.0","922.0","467.0","309.0","158.0","2.0","1.0","1.0","1.0","1.0","0.0","20.0","16.0","4.0","444.0","291.0","153.0","51296.0","18570.0","32726.0","2","1.69235836","52086"
"86","20.0","20.0","Greater Mumbai (M Corp.) (Part) WARD NO.-0420","Greater Mumbai","Maharashtra","27519999998027940420","15333.0","67661.0","35611.0","32050.0","3934.0","2056.0","1878.0","1011.0","516.0","495.0","409.0","224.0","185.0","58573.0","30963.0","27610.0","9088.0","4648.0","4440.0","32322.0","23325.0","8997.0","29739.0","22045.0","7694.0","108.0","75.0","33.0","114.0","75.0","39.0","0.0","0.0","0.0","28420.0","21089.0","7331.0","2583.0","1280.0","1303.0","56.0","24.0","32.0","15.0","7.0","8.0","74.0","29.0","45.0","2438.0","1220.0","1218.0","2386.0","1168.0","1218.0","52.0","22.0","30.0","14.0","7.0","7.0","65.0","26.0","39.0","2255.0","1113.0","1142.0","197.0","112.0","85.0","4.0","2.0","2.0","1.0","0.0","1.0","9.0","3.0","6.0","183.0","107.0","76.0","35339.0","12286.0","23053.0","2","2.376339854","28473"
"87","12.0","12.0","Greater Mumbai (M Corp.) (Part) WARD NO.-0312","Greater Mumbai","Maharashtra","27519999998027940312","7572.0","37220.0","21990.0","15230.0","3086.0","1595.0","1491.0","104.0","65.0","39.0","54.0","42.0","12.0","31541.0","18972.0","12569.0","5679.0","3018.0","2661.0","16498.0","14814.0","1684.0","15780.0","14376.0","1404.0","38.0","31.0","7.0","34.0","28.0","6.0","0.0","0.0","0.0","14215.0","12923.0","1292.0","718.0","438.0","280.0","23.0","11.0","12.0","2.0","0.0","2.0","52.0","29.0","23.0","641.0","398.0","243.0","650.0","396.0","254.0","23.0","11.0","12.0","2.0","0.0","2.0","45.0","28.0","17.0","580.0","357.0","223.0","68.0","42.0","26.0","0.0","0.0","0.0","0.0","0.0","0.0","7.0","1.0","6.0","61.0","41.0","20.0","20722.0","7176.0","13546.0","0","0.302713442","122955"
"88","18.0","18.0","Greater Mumbai (M Corp.) (Part) WARD NO.-0418","Greater Mumbai","Maharashtra","27519999998027940418","9356.0","38581.0","19915.0","18666.0","2316.0","1232.0","1084.0","306.0","152.0","154.0","210.0","115.0","95.0","34454.0","17902.0","16552.0","4127.0","2013.0","2114.0","16321.0","12259.0","4062.0","15167.0","11647.0","3520.0","36.0","13.0","23.0","50.0","36.0","14.0","0.0","0.0","0.0","14541.0","11217.0","3324.0","1154.0","612.0","542.0","27.0","18.0","9.0","9.0","7.0","2.0","68.0","32.0","36.0","1050.0","555.0","495.0","1074.0","569.0","505.0","27.0","18.0","9.0","8.0","6.0","2.0","58.0","30.0","28.0","981.0","515.0","466.0","80.0","43.0","37.0","0.0","0.0","0.0","1.0","1.0","0.0","10.0","2.0","8.0","69.0","40.0","29.0","22260.0","7656.0","14604.0","0","0.47302204","81563"
"89","6.0","6.0","Greater Mumbai (M Corp.) (Part) WARD NO.-0206","Greater Mumbai","Maharashtra","27519999998027940206","5802.0","26794.0","15540.0","11254.0","2745.0","1465.0","1280.0","501.0","300.0","201.0","274.0","136.0","138.0","19831.0","11855.0","7976.0","6963.0","3685.0","3278.0","11670.0","10100.0","1570.0","10855.0","9535.0","1320.0","9.0","7.0","2.0","16.0","11.0","5.0","0.0","0.0","0.0","10392.0","9226.0","1166.0","815.0","565.0","250.0","8.0","5.0","3.0","3.0","3.0","0.0","58.0","33.0","25.0","746.0","524.0","222.0","612.0","414.0","198.0","8.0","5.0","3.0","3.0","3.0","0.0","36.0","23.0","13.0","565.0","383.0","182.0","203.0","151.0","52.0","0.0","0.0","0.0","0.0","0.0","0.0","22.0","10.0","12.0","181.0","141.0","40.0","15124.0","5440.0","9684.0","0","0.366726528","73063"
"90","15.0","15.0","Greater Mumbai (M Corp.) (Part) WARD NO.-0315","Greater Mumbai","Maharashtra","27519999998027940315","7344.0","30861.0","17255.0","13606.0","1883.0","1009.0","874.0","267.0","141.0","126.0","67.0","32.0","35.0","26552.0","14604.0","11948.0","4309.0","2651.0","1658.0","14099.0","11029.0","3070.0","13438.0","10590.0","2848.0","34.0","27.0","7.0","28.0","23.0","5.0","0.0","0.0","0.0","13013.0","10297.0","2716.0","661.0","439.0","222.0","13.0","6.0","7.0","0.0","0.0","0.0","28.0","14.0","14.0","620.0","419.0","201.0","530.0","342.0","188.0","12.0","6.0","6.0","0.0","0.0","0.0","18.0","9.0","9.0","500.0","327.0","173.0","131.0","97.0","34.0","1.0","0.0","1.0","0.0","0.0","0.0","10.0","5.0","5.0","120.0","92.0","28.0","16762.0","6226.0","10536.0","0","0.392410736","78645"
"91","5.0","5.0","Greater Mumbai (M Corp.) (Part) WARD NO.-0105","Greater Mumbai","Maharashtra","27519999998027940105","5551.0","23671.0","12836.0","10835.0","1563.0","779.0","784.0","4095.0","2000.0","2095.0","169.0","87.0","82.0","19634.0","10748.0","8886.0","4037.0","2088.0","1949.0","10470.0","8220.0","2250.0","9845.0","7741.0","2104.0","27.0","6.0","21.0","23.0","15.0","8.0","0.0","0.0","0.0","9741.0","7696.0","2045.0","625.0","479.0","146.0","9.0","4.0","5.0","5.0","3.0","2.0","17.0","7.0","10.0","594.0","465.0","129.0","536.0","406.0","130.0","9.0","4.0","5.0","5.0","3.0","2.0","15.0","5.0","10.0","507.0","394.0","113.0","89.0","73.0","16.0","0.0","0.0","0.0","0.0","0.0","0.0","2.0","2.0","0.0","87.0","71.0","16.0","13201.0","4616.0","8585.0","4","3.551511482","6665"
"92","7.0","7.0","Greater Mumbai (M Corp.) (Part) WARD NO.-0207","Greater Mumbai","Maharashtra","27519999998027940207","3223.0","14451.0","8311.0","6140.0","1215.0","609.0","606.0","11.0","11.0","0.0","35.0","28.0","7.0","12188.0","7040.0","5148.0","2263.0","1271.0","992.0","5988.0","5432.0","556.0","5896.0","5377.0","519.0","5.0","3.0","2.0","13.0","10.0","3.0","0.0","0.0","0.0","5661.0","5188.0","473.0","92.0","55.0","37.0","1.0","1.0","0.0","1.0","0.0","1.0","6.0","0.0","6.0","84.0","54.0","30.0","84.0","48.0","36.0","1.0","1.0","0.0","1.0","0.0","1.0","5.0","0.0","5.0","77.0","47.0","30.0","8.0","7.0","1.0","0.0","0.0","0.0","0.0","0.0","0.0","1.0","0.0","1.0","7.0","7.0","0.0","8463.0","2879.0","5584.0","0","0.26830766","53860"
"93","13.0","13.0","Greater Mumbai (M Corp.) (Part) WARD NO.-0313","Greater Mumbai","Maharashtra","27519999998027940313","3960.0","17853.0","13437.0","4416.0","679.0","360.0","319.0","122.0","63.0","59.0","17.0","9.0","8.0","15275.0","11700.0","3575.0","2578.0","1737.0","841.0","12692.0","11601.0","1091.0","12416.0","11403.0","1013.0","32.0","23.0","9.0","26.0","24.0","2.0","0.0","0.0","0.0","12067.0","11111.0","956.0","276.0","198.0","78.0","20.0","9.0","11.0","0.0","0.0","0.0","18.0","13.0","5.0","238.0","176.0","62.0","253.0","180.0","73.0","20.0","9.0","11.0","0.0","0.0","0.0","17.0","12.0","5.0","216.0","159.0","57.0","23.0","18.0","5.0","0.0","0.0","0.0","0.0","0.0","0.0","1.0","1.0","0.0","22.0","17.0","5.0","5161.0","1836.0","3325.0","0","0.143461351","124445"
"94","14.0","14.0","Greater Mumbai (M Corp.) (Part) WARD NO.-0314","Greater Mumbai","Maharashtra","27519999998027940314","7171.0","30878.0","17354.0","13524.0","1821.0","992.0","829.0","966.0","469.0","497.0","163.0","75.0","88.0","26740.0","15216.0","11524.0","4138.0","2138.0","2000.0","15028.0","11654.0","3374.0","14524.0","11335.0","3189.0","31.0","23.0","8.0","48.0","35.0","13.0","0.0","0.0","0.0","13837.0","10830.0","3007.0","504.0","319.0","185.0","21.0","12.0","9.0","1.0","0.0","1.0","32.0","18.0","14.0","450.0","289.0","161.0","435.0","276.0","159.0","21.0","12.0","9.0","1.0","0.0","1.0","24.0","14.0","10.0","389.0","250.0","139.0","69.0","43.0","26.0","0.0","0.0","0.0","0.0","0.0","0.0","8.0","4.0","4.0","61.0","39.0","22.0","15850.0","5700.0","10150.0","0","0.330801745","93343"
"95","4.0","4.0","Greater Mumbai (M Corp.) (Part) WARD NO.-0104","Greater Mumbai","Maharashtra","27519999998027940104","2925.0","12402.0","7165.0","5237.0","838.0","451.0","387.0","217.0","127.0","90.0","80.0","51.0","29.0","10698.0","6239.0","4459.0","1704.0","926.0","778.0","5627.0","4763.0","864.0","5345.0","4546.0","799.0","118.0","94.0","24.0","11.0","8.0","3.0","0.0","0.0","0.0","5148.0","4403.0","745.0","282.0","217.0","65.0","15.0","13.0","2.0","2.0","1.0","1.0","10.0","6.0","4.0","255.0","197.0","58.0","255.0","198.0","57.0","14.0","12.0","2.0","2.0","1.0","1.0","6.0","2.0","4.0","233.0","183.0","50.0","27.0","19.0","8.0","1.0","1.0","0.0","0.0","0.0","0.0","4.0","4.0","0.0","22.0","14.0","8.0","6775.0","2402.0","4373.0","1","1.189723558","10424"
"96","3.0","3.0","Greater Mumbai (M Corp.) (Part) WARD NO.-0103","Greater Mumbai","Maharashtra","27519999998027940103","5618.0","23963.0","13289.0","10674.0","2083.0","1093.0","990.0","1630.0","848.0","782.0","997.0","522.0","475.0","18600.0","10754.0","7846.0","5363.0","2535.0","2828.0","12024.0","8600.0","3424.0","10589.0","7739.0","2850.0","32.0","22.0","10.0","24.0","17.0","7.0","0.0","0.0","0.0","10383.0","7597.0","2786.0","1435.0","861.0","574.0","5.0","3.0","2.0","4.0","4.0","0.0","34.0","16.0","18.0","1392.0","838.0","554.0","1274.0","759.0","515.0","4.0","3.0","1.0","4.0","4.0","0.0","31.0","15.0","16.0","1235.0","737.0","498.0","161.0","102.0","59.0","1.0","0.0","1.0","0.0","0.0","0.0","3.0","1.0","2.0","157.0","101.0","56.0","11939.0","4689.0","7250.0","1","1.435159348","16697"
"97","2.0","2.0","Greater Mumbai (M Corp.) (Part) WARD NO.-0102","Greater Mumbai","Maharashtra","27519999998027940102","7787.0","32450.0","16739.0","15711.0","2472.0","1252.0","1220.0","2699.0","1280.0","1419.0","1085.0","535.0","550.0","27275.0","14538.0","12737.0","5175.0","2201.0","2974.0","14497.0","10175.0","4322.0","13687.0","9726.0","3961.0","35.0","29.0","6.0","29.0","19.0","10.0","0.0","0.0","0.0","13494.0","9601.0","3893.0","810.0","449.0","361.0","10.0","4.0","6.0","1.0","1.0","0.0","32.0","8.0","24.0","767.0","436.0","331.0","758.0","422.0","336.0","10.0","4.0","6.0","1.0","1.0","0.0","25.0","8.0","17.0","722.0","409.0","313.0","52.0","27.0","25.0","0.0","0.0","0.0","0.0","0.0","0.0","7.0","0.0","7.0","45.0","27.0","18.0","17953.0","6564.0","11389.0","0","0.447551214","72506"
"98","1.0","1.0","Greater Mumbai (M Corp.) (Part) WARD NO.-0101","Greater Mumbai","Maharashtra","27519999998027940101","21985.0","92528.0","51198.0","41330.0","11327.0","6034.0","5293.0","4993.0","2582.0","2411.0","862.0","480.0","382.0","70028.0","40812.0","29216.0","22500.0","10386.0","12114.0","41142.0","31698.0","9444.0","38942.0","30460.0","8482.0","95.0","74.0","21.0","108.0","88.0","20.0","0.0","0.0","0.0","38175.0","29910.0","8265.0","2200.0","1238.0","962.0","48.0","18.0","30.0","11.0","7.0","4.0","63.0","28.0","35.0","2078.0","1185.0","893.0","1975.0","1109.0","866.0","48.0","18.0","30.0","10.0","7.0","3.0","56.0","26.0","30.0","1861.0","1058.0","803.0","225.0","129.0","96.0","0.0","0.0","0.0","1.0","0.0","1.0","7.0","2.0","5.0","217.0","127.0","90.0","51386.0","19500.0","31886.0","4","3.546058625","26093"
